id,type,url
10.5169/seals-209263,dois,https://www.e-periodica.ch/digbib/view?pid=cov-001:1913:51::20
10.5281/zenodo.5935644,dois,https://zenodo.org/record/5935644
10.7910/dvn/c0go0u,dois,https://dataverse.harvard.edu/citation?persistentId=doi:10.7910/DVN/C0GO0U
10.7916/d8320g47,dois,https://dlc.library.columbia.edu/lcaaj/cul:fj6q573nsj
10.5281/zenodo.3248918,dois,https://zenodo.org/record/3248918
10.6084/m9.figshare.82317,dois,https://figshare.com/articles/figure/Merging_microarray_data_from_separate_breast_cancer_studies_provides_a_robust_prognostic_test-1/82317
10.15468/dl.zmmvyu,dois,https://www.gbif.org/occurrence/download/0003437-181003121212138
10.60516/au6956100,dois,https://pid.geoscience.gov.au/sample/AU6956100
10.48781/ntnu.228544,dois,https://ntnu.tind.io/record/228544
10.48448/kgfs-s492,dois,https://underline.io/lecture/50210-findings-thai-nested-named-entity-recognition-corpus
10.23668/psycharchives.11903,dois,https://www.psycharchives.org/jspui/handle/20.500.11780/1287
10.14288/1.0162882,dois,https://doi.library.ubc.ca/10.14288/1.0162882
10.26197/ala.f34c149a-4578-47c5-83fc-52ba63e37cad,dois,https://doi.ala.org.au/doi/f34c149a-4578-47c5-83fc-52ba63e37cad
10.60494/4013-gm34,dois,https://pid.geoscience.gov.au/sample/AU9420041
10.34847/cocoon.b5abb06b-a9c5-36d6-a809-6d4686a9d848,dois,https://cocoon.huma-num.fr/exist/crdo/meta/cocoon-b5abb06b-a9c5-36d6-a809-6d4686a9d848
10.5281/zenodo.3783238,dois,https://zenodo.org/record/3783238
10.58151/nhb002kll,dois,https://app.geosamples.org/sample/igsn/10.58151/NHB002KLL
10.6084/m9.figshare.12044058.v1,dois,https://figshare.com/articles/data/12044058/1
10.60516/au4510089,dois,https://pid.geoscience.gov.au/sample/AU4510089
10.6084/m9.figshare.9927458.v1,dois,https://scielo.figshare.com/articles/World_Class_University_in_the_Latin_American_and_Caribbean_context_what_the_International_Organizations_say/9927458/1
10.60516/au4857683,dois,https://pid.geoscience.gov.au/sample/AU4857683
10.4121/21922026.v1,dois,https://data.4tu.nl/articles/_/21922026/1
10.5281/zenodo.3673618,dois,https://zenodo.org/record/3673618
10.6084/m9.figshare.c.3691663_d31.v1,dois,https://springernature.figshare.com/articles/journal_contribution/Additional_file_24_of_Comparative_genomics_reveals_high_biological_diversity_and_specific_adaptations_in_the_industrially_and_medically_important_fungal_genus_Aspergillus/4653304/1
10.17188/1279613,dois,https://www.osti.gov/servlets/purl/1279613/
10.5169/seals-228565,dois,https://www.e-periodica.ch/digbib/view?pid=cov-002:1953:80::218
10.15468/dl.84vhkx,dois,https://www.gbif.org/occurrence/download/0312776-200613084148143
10.15156/bio/sh304775.07fu,dois,https://doi.plutof.ut.ee/doi/10.15156/BIO/SH304775.07FU
10.17592/001.2022082002,dois,https://ads.nipr.ac.jp/dataset/A20220820-002
10.5281/zenodo.5563652,dois,https://zenodo.org/record/5563652
10.60471/odp01ed7h,dois,https://app.geosamples.org/sample/igsn/10.60471/ODP01ED7H
10.18730/5m3qz,dois,https://glis.fao.org/glis/doi/10.18730/5M3QZ
10.7891/e-manuscripta-71194,dois,https://www.e-manuscripta.ch/snl/doi/10.7891/e-manuscripta-71194
10.13140/rg.2.2.34874.93125,dois,http://rgdoi.net/10.13140/RG.2.2.34874.93125
10.15468/dl.89c54q,dois,https://www.gbif.org/occurrence/download/0073836-220831081235567
10.12764/17804_p129,dois,http://www.die-bonn.de/id/17804_p129
10.5281/zenodo.7983279,dois,https://zenodo.org/record/7983279
10.15468/dl.z9dtp4,dois,https://www.gbif.org/occurrence/download/0292682-220831081235567
10.6084/m9.figshare.8832455.v2,dois,https://figshare.com/articles/dissoc_reac_pdf/8832455/2
10.6084/m9.figshare.12950792.v1,dois,https://rs.figshare.com/articles/media/Video_A2_-_A_from_Nonlinear_phenomena_in_models_of_the_circadian_clock/12950792/1
10.6084/m9.figshare.14957484.v1,dois,https://figshare.com/articles/dataset/Untitled_Item/14957484/1
10.5281/zenodo.6110820,dois,https://zenodo.org/record/6110820
10.17605/osf.io/p5rvj,dois,https://osf.io/p5rvj/
10.17632/mvs82hsvdp,dois,https://data.mendeley.com/datasets/mvs82hsvdp
10.48550/arxiv.2011.14822,dois,https://arxiv.org/abs/2011.14822
10.17188/1264410,dois,http://www.osti.gov/servlets/purl/1264410/
10.6084/m9.figshare.7558403.v1,dois,https://tandf.figshare.com/articles/All-cause_mortality_and_antipsychotic_use_among_elderly_persons_with_high_baseline_cardiovascular_and_cerebrovascular_risk_a_multi-center_retrospective_cohort_study_in_Italy/7558403/1
10.58100/ibcr0302rx67ws2,dois,http://dis.iodp.pangaea.de/BCRDIS/webview/CORES_INFO.aspx?SKEY=21038&SAM=IBCR0302RX67WS2
10.18730/cwkmd,dois,https://glis.fao.org/glis/doi/10.18730/CWKMD
10.5517/ccdc.csd.cc1lcgv8,dois,http://www.ccdc.cam.ac.uk/services/structure_request?id=doi:10.5517/ccdc.csd.cc1lcgv8&sid=DataCite
10.5169/seals-447562,dois,https://www.e-periodica.ch/digbib/view?pid=neb-001:1915:41::557
10.15468/dl.tqo4ve,dois,http://www.gbif.org/occurrence/download/0003028-160803222355964
10.18730/v7c2=,dois,https://glis.fao.org/glis/doi/10.18730/V7C2=
10.60494/ksh4-h631,dois,https://pid.geoscience.gov.au/sample/AU8303563
10.15156/bio/sh612784.07fu,dois,https://doi.plutof.ut.ee/doi/10.15156/BIO/SH612784.07FU
10.13145/bacdive5076.20230509.8,dois,https://bacdive.dsmz.de/index.php?site=pdf_view&id=5076&doi=doi:10.13145/bacdive5076.20230509.8
10.48550/arxiv.1410.8409,dois,https://arxiv.org/abs/1410.8409
10.60516/au1215414,dois,https://pid.geoscience.gov.au/sample/AU1215414
10.21258/1366590,dois,https://www.lfi.ch/resultate/sammlungenliste-en.php?prodNr=32&prodItNr=193375&lang=en
10.22021/bbldntz201703,dois,https://bl.iro.bl.uk/work/41cf9ad1-7cb7-4669-b26e-5a64a0ee6cc7
10.3929/ethz-a-010147993,dois,http://hdl.handle.net/20.500.11850/83547
10.7908/c1j38rsh,dois,http://gdac.broadinstitute.org/runs/analyses__2015_08_21/reports/cancer/KIRC-TP/Correlate_Clinical_vs_Methylation/nozzle.html
10.16902/ethz-a-000027472,dois,https://biosys.e-pics.ethz.ch/catalog/ETH.BIOSYS/r/27935
10.21258/1429270,dois,https://www.lfi.ch/resultate/resultate.php?prodNr=70&prodItNr=862520&lang=de
10.7910/dvn/ghcv1g/bbucjs,dois,https://dataverse.harvard.edu/file.xhtml?persistentId=doi:10.7910/DVN/GHCV1G/BBUCJS
10.58052/neon06748,dois,https://app.geosamples.org/sample/igsn/10.58052/NEON06748
10.18730/4jm31,dois,https://glis.fao.org/glis/doi/10.18730/4JM31
10.24406/publica-fhg-278607,dois,https://publica.fraunhofer.de/handle/publica/278607
10.1594/pangaea.318586,dois,https://doi.pangaea.de/10.1594/PANGAEA.318586
10.21258/1602914,dois,https://www.lfi.ch/resultate/resultate-it.php?prodNr=70&prodItNr=882633&lang=it
10.58151/nhb0050vf,dois,https://app.geosamples.org/sample/igsn/10.58151/NHB0050VF
10.5061/dryad.53942,dois,https://datadryad.org/stash/dataset/doi:10.5061/dryad.53942
10.48550/arxiv.math/0401041,dois,https://arxiv.org/abs/math/0401041
10.20345/digitue.1029.61,dois,http://idb.ub.uni-tuebingen.de/opendigi/litrdsch_1902#p=141
10.24412/1991-5497-2021-186-74-76,dois,https://cyberleninka.ru/article/n/rezultaty-issledovaniya-etnicheskoy-identichnosti-chechenskih-podrostkov-iz-geteroi-monoetnicheskih-semey
10.60516/au5331689,dois,https://pid.geoscience.gov.au/sample/AU5331689
10.5281/zenodo.3016615,dois,https://zenodo.org/record/3016615
10.18730/c96e4,dois,https://glis.fao.org/glis/doi/10.18730/C96E4
10.5169/seals-419073,dois,https://www.e-periodica.ch/digbib/view?pid=got-002:2007:0::13
10.48370/ofd/yvvmiv,dois,https://dataverse.openforestdata.pl/citation?persistentId=doi:10.48370/OFD/YVVMIV
10.5281/zenodo.2919392,dois,https://zenodo.org/record/2919392
10.7916/d8-qcx3-yp94,dois,https://dlc.library.columbia.edu/resolve/10.7916/d8-qcx3-yp94
10.7910/dvn/vzp5cg/y4kxrr,dois,https://dataverse.harvard.edu/file.xhtml?persistentId=doi:10.7910/DVN/VZP5CG/Y4KXRR
10.15468/dl.jyhdh8,dois,https://www.gbif.org/occurrence/download/0034850-191105090559680
10.60494/azah-y520,dois,https://pid.geoscience.gov.au/sample/AU9449409
10.60516/au6810190,dois,https://pid.geoscience.gov.au/sample/AU6810190
10.4225/72/576cee69d85e2,dois,http://catalog.paradisec.org.au/collections/CLC/items/PVM016/essences/1085099
10.48550/arxiv.1206.4514,dois,https://arxiv.org/abs/1206.4514
10.26044/ecr2022/c-21954,dois,https://epos.myesr.org/esr/poster/10.26044/ecr2022/C-21954
10.15468/dl.sghxg7,dois,http://www.gbif.org/occurrence/download/0032109-160910150852091
10.6068/dp15afea413954,dois,http://statisticaldatasets.data-planet.com/dataplanet/Datasheet_DOI_Servlet?ID=15afea413954&type=gwtdatasheet&version=1
10.13140/rg.2.2.15104.25602,dois,http://rgdoi.net/10.13140/RG.2.2.15104.25602
10.60516/au2514496,dois,https://pid.geoscience.gov.au/sample/AU2514496
10.6084/m9.figshare.14275445.v1,dois,https://scielo.figshare.com/articles/dataset/Prevalence_of_Illicit_Drug_Use_During_Pregnancy_A_Global_Perspective/14275445/1
10.15468/dl.bd0xbt,dois,http://www.gbif.org/occurrence/download/0007386-170826194755519
10.5281/zenodo.2696123,dois,https://zenodo.org/record/2696123
10.17876/plate/dr.2/plates/201_33742,dois,https://www.plate-archive.org/objects/dr.2/plates/201_33742
10.5281/zenodo.6215762,dois,https://zenodo.org/record/6215762
10.18730/173w9v,dois,https://glis.fao.org/glis/doi/10.18730/173W9V
10.5281/zenodo.212850,dois,https://zenodo.org/record/212850
10.6084/m9.figshare.12412616,dois,https://tandf.figshare.com/articles/dataset/Differentiation_proliferative_capacity_of_skeletal_muscle_satellite_cells_from_Dapulian_and_Landrace_pigs/12412616
10.15156/bio/sh1194896.09fu,dois,https://doi.plutof.ut.ee/doi/10.15156/BIO/SH1194896.09FU
10.25549/uschist-dt-m107513,dois,https://digitallibrary.usc.edu/asset-management/2A3BF1O8E4QNJ
10.13140/rg.2.2.30689.71525,dois,http://rgdoi.net/10.13140/RG.2.2.30689.71525
10.60494/5qs7-gf95,dois,https://pid.geoscience.gov.au/sample/AU8898495
10.21258/1743888,dois,https://www.lfi.ch/resultate/resultate-en.php?prodNr=70&prodItNr=874717&lang=en
10.14288/1.0376377,dois,https://doi.library.ubc.ca/10.14288/1.0376377
10.60494/fgdq-1854,dois,https://pid.geoscience.gov.au/sample/AU9037688
10.18730/18q5re,dois,https://glis.fao.org/glis/doi/10.18730/18Q5RE
10.15468/dl.rbhbz5,dois,https://www.gbif.org/occurrence/download/0134680-210914110416597
10.13140/rg.2.2.10649.95840,dois,http://rgdoi.net/10.13140/RG.2.2.10649.95840
10.22002/1qw6c-qbh34,dois,https://data.caltech.edu/doi/10.22002/1qw6c-qbh34
10.12764/30173_p3,dois,http://www.die-bonn.de/id/30173_p3
10.21258/1707089,dois,https://www.lfi.ch/resultate/resultate-en.php?prodNr=70&prodItNr=818057&lang=en
10.5169/seals-353236,dois,https://www.e-periodica.ch/digbib/view?pid=grs-001:1946:38::572
10.7925/drs1.duchas_5022390,dois,http://digital.ucd.ie/view/duchas:5022390
10.18753/2297-8224-112,dois,http://www.sozialpolitik.ch/article/content/480/show/112/
10.48550/arxiv.hep-ph/9510440,dois,https://arxiv.org/abs/hep-ph/9510440
10.7910/dvn/o4tkao/k1zgk2,dois,https://dataverse.harvard.edu/file.xhtml?persistentId=doi:10.7910/DVN/O4TKAO/K1ZGK2
10.18430/m3.irrmc.4168,dois,https://proteindiffraction.org/project/SETDB1-x122
10.25681/iaras.2019.978-5-94375-296-4.203-215,dois,https://www.archaeolog.ru/media/books_2019/Gory_Kavkaza.pdf#page=203
10.25549/one-c4-41195,dois,https://digitallibrary.usc.edu/asset-management/2A3BF1OO8LDA5
10.60471/odp01ci9l,dois,https://app.geosamples.org/sample/igsn/10.60471/ODP01CI9L
10.60494/jjpe-x577,dois,https://pid.geoscience.gov.au/sample/AU8774965
10.48781/ntnu.192430,dois,https://ntnu.tind.io/record/192430
10.48550/arxiv.1203.1189,dois,https://arxiv.org/abs/1203.1189
10.15156/bio/sh2632744.08fu,dois,https://doi.plutof.ut.ee/doi/10.15156/BIO/SH2632744.08FU
10.5281/zenodo.3735479,dois,https://zenodo.org/record/3735479
10.21220/m2-b0sd-j881,dois,https://scholarworks.wm.edu/reports/522
10.58100/ibcr0310rxocku2,dois,http://dis.iodp.pangaea.de/BCRDIS/webview/CORES_INFO.aspx?SKEY=22618&SAM=IBCR0310RXOCKU2
10.26083/tuprints-00019041,dois,https://tuprints.ulb.tu-darmstadt.de/id/eprint/19041
10.5169/seals-230985,dois,https://www.e-periodica.ch/digbib/view?pid=cov-002:1958:85::365
10.7480/abe.2019.13.4152,dois,https://journals.open.tudelft.nl/abe/article/view/4152
10.14469/ch/8676,dois,https://spectradspace.lib.imperial.ac.uk:8443/dspace/handle/10042/to-8701
10.13145/bacdive13091.20201210.5,dois,https://bacdive.dsmz.de/index.php?site=pdf_view&id=13091&doi=doi:10.13145/bacdive13091.20201210.5
10.60516/au7447079,dois,https://pid.geoscience.gov.au/sample/AU7447079
10.17614/q4h70857g,dois,http://pqr.pitt.edu/mol/KFKSYDSVYUWMHK-UHFFFAOYSA-N
10.18730/dg2f1,dois,https://glis.fao.org/glis/doi/10.18730/DG2F1
10.60516/au4913353,dois,https://pid.geoscience.gov.au/sample/AU4913353
10.5281/zenodo.4886361,dois,https://zenodo.org/record/4886361
10.60471/odp01zzvn,dois,https://app.geosamples.org/sample/igsn/10.60471/ODP01ZZVN
10.18730/183ye8,dois,https://glis.fao.org/glis/doi/10.18730/183YE8
10.5445/ir/1000042828,dois,https://publikationen.bibliothek.kit.edu/1000042828
10.5281/zenodo.4417325,dois,https://zenodo.org/record/4417325
10.5169/seals-927089,dois,https://www.e-periodica.ch/digbib/view?pid=son-002:1932:26::756
10.4121/7b024697-659a-47ad-95a4-0497bf52b432,dois,https://data.4tu.nl/datasets/7b024697-659a-47ad-95a4-0497bf52b432
10.48550/arxiv.2104.01592,dois,https://arxiv.org/abs/2104.01592
10.6084/m9.figshare.20279712.v1,dois,https://figshare.com/articles/journal_contribution/An_Econometric_Analysis_of_the_Sources_of_Economic_Growth_in_Algeria_Using_Growth_Accounting_and_ARDL_Model/20279712/1
10.18730/rggp6,dois,https://glis.fao.org/glis/doi/10.18730/RGGP6
10.60516/au615000,dois,https://pid.geoscience.gov.au/sample/AU615000
10.34847/nkl.b1fe24kg,dois,https://nakala.fr/10.34847/nkl.b1fe24kg
10.5517/ccdc.csd.cc2b8d78,dois,http://www.ccdc.cam.ac.uk/services/structure_request?id=doi:10.5517/ccdc.csd.cc2b8d78&sid=DataCite
10.5281/zenodo.4777824,dois,https://zenodo.org/record/4777824
10.3932/ethz-a-000301984,dois,https://ba.e-pics.ethz.ch/catalog/ETHBIB.Bildarchiv/r/482138
10.48550/arxiv.2003.13711,dois,https://arxiv.org/abs/2003.13711
10.7910/dvn/44arac/bdzfwx,dois,https://dataverse.harvard.edu/file.xhtml?persistentId=doi:10.7910/DVN/44ARAC/BDZFWX
10.6068/dp14ba7fada6a81,dois,http://statisticaldatasets.data-planet.com/dataplanet/Datasheet_DOI_Servlet?ID=14ba7fada6a81&type=datasheet&version=1
10.48550/arxiv.0805.1344,dois,https://arxiv.org/abs/0805.1344
10.15156/bio/sh2004620.08fu,dois,https://doi.plutof.ut.ee/doi/10.15156/BIO/SH2004620.08FU
10.60516/au1097131,dois,https://pid.geoscience.gov.au/sample/AU1097131
10.17188/1316395,dois,https://www.osti.gov/servlets/purl/1316395/
10.48550/arxiv.physics/9905020,dois,https://arxiv.org/abs/physics/9905020
10.13145/bacdive139765.20221219.7.1,dois,https://bacdive.dsmz.de/index.php?site=pdf_view&id=139765&doi=doi:10.13145/bacdive139765.20221219.7.1
10.60516/au280197,dois,https://pid.geoscience.gov.au/sample/AU280197
10.18730/6vv3f,dois,https://glis.fao.org/glis/doi/10.18730/6VV3F
10.6084/m9.figshare.12702.v1,dois,https://figshare.com/articles/figure/Chemokine_production_by_RA_SCL_stimulated_with_TNF_/12702/1
10.3932/ethz-a-000146522,dois,https://ba.e-pics.ethz.ch/catalog/ETHBIB.Bildarchiv/r/154731
10.48550/arxiv.2209.04923,dois,https://arxiv.org/abs/2209.04923
10.60471/odp01mwty,dois,https://app.geosamples.org/sample/igsn/10.60471/ODP01MWTY
10.48713/10336_37033,dois,https://repository.urosario.edu.co/handle/10336/37033
10.24412/2587-6783-2022-3-48-50,dois,https://cyberleninka.ru/article/n/sotsialnyy-opyt-podrostka-karta-voprosov-i-otvetov
10.15468/dl.hxgfsu,dois,https://www.gbif.org/occurrence/download/0250650-230224095556074
10.13145/bacdive138916.20201210.5,dois,https://bacdive.dsmz.de/index.php?site=pdf_view&id=138916&doi=doi:10.13145/bacdive138916.20201210.5
10.25642/ipk/gbis/7818870,dois,https://apex.ipk-gatersleben.de/apex/f?p=DOI:RESOLVE:::NO:RP:DOI:10.25642/IPK/GBIS/7818870
10.60516/au5576854,dois,https://pid.geoscience.gov.au/sample/AU5576854
10.15156/bio/sh1025523.09fu,dois,https://doi.plutof.ut.ee/doi/10.15156/BIO/SH1025523.09FU
10.15156/bio/sh459702.07fu,dois,https://doi.plutof.ut.ee/doi/10.15156/BIO/SH459702.07FU
10.15468/dl.ynk7jy,dois,https://www.gbif.org/occurrence/download/0049855-200613084148143
10.5883/bold:ade8015,dois,http://www.boldsystems.org/index.php/Public_BarcodeCluster?clusteruri=BOLD:ADE8015
10.25774/w4-sr3x-3b03,dois,http://scholarworks.wm.edu/etd/1539273122
10.48550/arxiv.2001.11651,dois,https://arxiv.org/abs/2001.11651
10.60516/au1856592,dois,https://pid.geoscience.gov.au/sample/AU1856592
10.48550/arxiv.1001.1563,dois,https://arxiv.org/abs/1001.1563
10.15468/dl.y5jdwj,dois,https://www.gbif.org/occurrence/download/0127586-230530130749713
10.48550/arxiv.1503.01065,dois,https://arxiv.org/abs/1503.01065
10.48550/arxiv.1301.6155,dois,https://arxiv.org/abs/1301.6155
10.5169/seals-780700,dois,https://www.e-periodica.ch/digbib/view?pid=swz-001:1931:5::272
10.15156/bio/sh1503473.08fu,dois,https://doi.plutof.ut.ee/doi/10.15156/BIO/SH1503473.08FU
10.26181/21852663.v1,dois,https://opal.latrobe.edu.au/articles/thesis/Advances_in_fresnel_coherent_diffractive_imaging/21852663/1
10.7939/r3176v,dois,https://era.library.ualberta.ca/items/fa51d46d-b6ac-457f-97d6-a443e7cbaedc
10.48370/ofd/etynsi,dois,https://dataverse.openforestdata.pl/citation?persistentId=doi:10.48370/OFD/ETYNSI
10.5281/zenodo.8058840,dois,https://zenodo.org/record/8058840
10.5281/zenodo.7451700,dois,https://zenodo.org/record/7451700
10.60516/au3350358,dois,https://pid.geoscience.gov.au/sample/AU3350358
10.60494/vsrs-x868,dois,https://pid.geoscience.gov.au/sample/AU8401736
10.5169/seals-251763,dois,https://www.e-periodica.ch/digbib/view?pid=pdd-001:1902:5::340
10.60471/odp018wzd,dois,https://app.geosamples.org/sample/igsn/10.60471/ODP018WZD
10.5061/dryad.6mr8n/14,dois,http://datadryad.org/resource/doi:10.5061/dryad.6mr8n/14
10.5281/zenodo.8260123,dois,https://zenodo.org/record/8260123
10.13145/bacdive4875.20230509.8,dois,https://bacdive.dsmz.de/index.php?site=pdf_view&id=4875&doi=doi:10.13145/bacdive4875.20230509.8
10.18730/18t6we,dois,https://glis.fao.org/glis/doi/10.18730/18T6WE
10.17188/1652700,dois,https://www.osti.gov/servlets/purl/1652700/
10.11588/diglit.31202,dois,https://digi.ub.uni-heidelberg.de/diglit/selecta1783
10.34847/nkl.e61d33yb,dois,https://nakala.fr/10.34847/nkl.e61d33yb
10.60712/si-id53420.1,dois,https://straininfo.dsmz.de/search?sea=53420&qapi=/v1/search/culture/str_id/
10.1594/pangaea.887329,dois,https://doi.pangaea.de/10.1594/PANGAEA.887329
10.5281/zenodo.846962,dois,https://zenodo.org/record/846962
10.48550/arxiv.2004.12397,dois,https://arxiv.org/abs/2004.12397
10.6084/m9.figshare.14176174,dois,https://springernature.figshare.com/articles/journal_contribution/Additional_file_3_of_Mindful_Melody_feasibility_of_implementing_music_listening_on_an_inpatient_psychiatric_unit_and_its_relation_to_the_use_of_as_needed_medications_for_acute_agitation/14176174
10.7916/d8s473w3,dois,https://academiccommons.columbia.edu/doi/10.7916/D8S473W3/download
10.7910/dvn/6oieqe/ndjzuo,dois,https://dataverse.harvard.edu/file.xhtml?persistentId=doi:10.7910/DVN/6OIEQE/NDJZUO
10.7284/909211,dois,http://www.rvdata.us/catalog/HRS2110
10.48550/arxiv.1910.08101,dois,https://arxiv.org/abs/1910.08101
10.5281/zenodo.5998733,dois,https://zenodo.org/record/5998733
10.5883/bold:aai9740,dois,http://www.boldsystems.org/index.php/Public_BarcodeCluster?clusterguid=BOLD:AAI9740
10.7939/r3599z52q,dois,https://era.library.ualberta.ca/items/fc89eb31-4f15-4f03-a0e0-34048b93810f
10.6084/m9.figshare.6235496,dois,https://scielo.figshare.com/articles/Enhancing_and_validating_a_low-cost_photogate/6235496
10.25384/sage.12546743,dois,https://sage.figshare.com/articles/sj-pdf-2-bds-10_1177_2053951720935616_-_Supplemental_material_for_Public_perceptions_of_good_data_management_Findings_from_a_UK-based_survey/12546743
10.60712/si-id72227.1,dois,https://straininfo.dsmz.de/search?sea=72227&qapi=/v1/search/culture/str_id/
10.34637/1jzv-1670,dois,http://hdl.handle.net/10400.9/3944
10.5169/seals-425287,dois,https://www.e-periodica.ch/digbib/view?pid=neb-001:1881:7::705
10.5281/zenodo.835044,dois,https://zenodo.org/record/835044
10.6077/p1vg-nw82,dois,https://doi.ciser.cornell.edu/doi/10.6077/p1vg-nw82
10.58052/iecjcj227,dois,https://app.geosamples.org/sample/igsn/10.58052/IECJCJ227
10.15468/dl.hnj8st,dois,http://www.gbif.org/occurrence/download/0001295-150831095807960
10.18730/4xvbv,dois,https://glis.fao.org/glis/doi/10.18730/4XVBV
10.2314/gbv:837883199,dois,https://www.tib.eu/suchen/id/TIBKAT:837883199/
10.7284/902435,dois,http://www.rvdata.us/catalog/HLY1103
10.25560/78890,dois,http://spiral.imperial.ac.uk/handle/10044/1/78890
10.15468/dl.n4y7yj,dois,https://www.gbif.org/occurrence/download/0173981-230224095556074
10.48550/arxiv.1907.07968,dois,https://arxiv.org/abs/1907.07968
10.58151/nhb005450,dois,https://app.geosamples.org/sample/igsn/10.58151/NHB005450
10.15156/bio/sh1373630.08fu,dois,https://doi.plutof.ut.ee/doi/10.15156/BIO/SH1373630.08FU
10.6084/m9.figshare.7512365.v1,dois,https://scielo.figshare.com/articles/dataset/Picosatellites_for_Maritime_Security_Applications_-_the_Lambdasat_Case/7512365/1
10.7925/drs1.duchas_4921848,dois,http://digital.ucd.ie/view/duchas:4921848
10.5281/zenodo.7662051,dois,https://zenodo.org/record/7662051
10.15156/bio/sh338337.07fu,dois,https://doi.plutof.ut.ee/doi/10.15156/BIO/SH338337.07FU
10.3334/ornldaac/1412,dois,https://daac.ornl.gov/cgi-bin/dsviewer.pl?ds_id=1412
10.60471/odp02gdri,dois,https://app.geosamples.org/sample/igsn/10.60471/ODP02GDRI
10.15468/dl.w3u72q,dois,https://www.gbif.org/occurrence/download/0334238-210914110416597
10.5281/zenodo.4543219,dois,https://zenodo.org/record/4543219
10.4233/uuid:51dde3f6-2a38-47a0-b719-420ff74ded5d,dois,http://resolver.tudelft.nl/uuid:51dde3f6-2a38-47a0-b719-420ff74ded5d
10.5281/zenodo.1024340,dois,https://zenodo.org/record/1024340
10.12764/15344_p62,dois,http://www.die-bonn.de/id/15344_p62
10.25972/opus-18871,dois,https://opus.bibliothek.uni-wuerzburg.de/18871
10.15156/bio/sh2777326.08fu,dois,https://doi.plutof.ut.ee/doi/10.15156/BIO/SH2777326.08FU
10.15496/publikation-32226,dois,https://publikationen.uni-tuebingen.de/xmlui/handle/10900/90845
10.60471/odp032chg,dois,https://app.geosamples.org/sample/igsn/10.60471/ODP032CHG
10.7916/d8-c74g-sm58,dois,https://dlc.library.columbia.edu/catalog/cul:z34tmpg693
10.7910/dvn/hzbyg7/rq26h2,dois,https://dataverse.harvard.edu/file.xhtml?persistentId=doi:10.7910/DVN/HZBYG7/RQ26H2
10.21233/q81m-6f68,dois,https://data.neotomadb.org/40526
10.7916/d8-5d44-fd20,dois,https://dlc.library.columbia.edu/resolve/10.7916/d8-5d44-fd20
10.15781/t2xs4w,dois,https://repositories.lib.utexas.edu/handle/2152/31647
10.18730/11hrd4,dois,https://glis.fao.org/glis/doi/10.18730/11HRD4
10.7910/dvn/sgeesj/1sradn,dois,https://dataverse.harvard.edu/file.xhtml?persistentId=doi:10.7910/DVN/SGEESJ/1SRADN
10.1594/pangaea.857760,dois,https://doi.pangaea.de/10.1594/PANGAEA.857760
10.17171/1-8-2854,dois,http://repository.edition-topoi.org/collection/ICG/object/3675
10.60516/au5932991,dois,https://pid.geoscience.gov.au/sample/AU5932991
10.7908/c1765dm7,dois,http://gdac.broadinstitute.org/runs/analyses__2015_08_21/reports/cancer/MESO-TP/RPPA_Clustering_Consensus_Plus/nozzle.html
10.6068/dp15e784c851034,dois,http://statisticaldatasets.data-planet.com/dataplanet/Datasheet_DOI_Servlet?ID=15e784c851034&type=datasheet&version=1
10.48550/arxiv.2111.04828,dois,https://arxiv.org/abs/2111.04828
10.24411/2312-8089-2020-10902,dois,http://cyberdoi.ru/doi/10.24411/2312-8089-2020-10902
10.25642/ipk/gbis/36549,dois,https://apex.ipk-gatersleben.de/apex/f?p=DOI:RESOLVE:::NO:RP:DOI:10.25642/IPK/GBIS/36549
10.34755/irok.2022.72.26.033,dois,https://www.elibrary.ru/item.asp?id=48800309&pff=1
10.13145/bacdive117785.20201210.5,dois,https://bacdive.dsmz.de/index.php?site=pdf_view&id=117785&doi=doi:10.13145/bacdive117785.20201210.5
10.5281/zenodo.6347115,dois,https://zenodo.org/record/6347115
10.60516/au7650397,dois,https://pid.geoscience.gov.au/sample/AU7650397
10.17614/q4td9p06n,dois,http://pqr.pitt.edu/mol/HJQMFSDWWCLFTC-TWJUVVLDSA-N
10.5169/seals-997007,dois,https://www.e-periodica.ch/digbib/view?pid=mgf-001:1952:9::226
10.5281/zenodo.6111122,dois,https://zenodo.org/record/6111122
10.25673/opendata2-168870,dois,https://opendata2.uni-halle.de//handle/1516514412012/168894
10.60471/odp02pvvt,dois,https://app.geosamples.org/sample/igsn/10.60471/ODP02PVVT
10.60471/odp01d1n4,dois,https://app.geosamples.org/sample/igsn/10.60471/ODP01D1N4
10.60516/au6574128,dois,https://pid.geoscience.gov.au/sample/AU6574128
10.25721/jhzr-0x24,dois,https://didomena.ehess.fr/concern/data_sets/r494vn720
10.13145/bacdive155893.20201210.5,dois,https://bacdive.dsmz.de/index.php?site=pdf_view&id=155893&doi=doi:10.13145/bacdive155893.20201210.5
10.60516/au1083122,dois,https://pid.geoscience.gov.au/sample/AU1083122
10.1594/pangaea.883932,dois,https://doi.pangaea.de/10.1594/PANGAEA.883932
10.5281/zenodo.6170493,dois,https://zenodo.org/record/6170493
10.13140/2.1.4392.6085,dois,http://rgdoi.net//10.13140/2.1.4392.6085
10.60516/au6270094,dois,https://pid.geoscience.gov.au/sample/AU6270094
10.60516/au6875833,dois,https://pid.geoscience.gov.au/sample/AU6875833
10.7925/drs1.duchas_4530061,dois,http://digital.ucd.ie/view/duchas:4530061
10.14288/1.0127596,dois,https://doi.library.ubc.ca/10.14288/1.0127596
10.15156/bio/sh343536.07fu,dois,https://doi.plutof.ut.ee/doi/10.15156/BIO/SH343536.07FU
10.5281/zenodo.1107123,dois,https://zenodo.org/record/1107123
10.7284/130585,dois,https://www.rvdata.us/search/fileset/130585
10.5284/1084027,dois,http://archaeologydataservice.ac.uk/archives/view/greylit/details.cfm?id=69278
10.5060/d4rn35sd/usgs94v1_187,dois,http://nsidc.org/cgi-bin/gpd_deliver_jpg.pl?USGS94V1_187
10.5517/cc6y28g,dois,http://www.ccdc.cam.ac.uk/services/structure_request?id=doi:10.5517/cc6y28g&sid=DataCite
10.21258/1507194,dois,https://www.lfi.ch/resultate/resultate-fr.php?prodNr=70&prodItNr=837219&lang=fr
10.5281/zenodo.4607424,dois,https://zenodo.org/record/4607424
10.3932/ethz-a-001329993,dois,https://ba.e-pics.ethz.ch/catalog/ETHBIB.Bildarchiv/r/1486856
10.60471/odp01qyxf,dois,https://app.geosamples.org/sample/igsn/10.60471/ODP01QYXF
10.60516/au6409783,dois,https://pid.geoscience.gov.au/sample/AU6409783
10.18730/bg3ht,dois,https://glis.fao.org/glis/doi/10.18730/BG3HT
10.15468/dl.9w52cx,dois,https://www.gbif.org/occurrence/download/0333911-200613084148143
10.15156/bio/sh1602897.08fu,dois,https://doi.plutof.ut.ee/doi/10.15156/BIO/SH1602897.08FU
10.25384/sage.c.5183541.v1,dois,https://sage.figshare.com/collections/Paternal_rejection_psychological_maladjustment_and_child_emotional_eating_Path_analysis_in_8-_to_11-year-old_boys_and_girls/5183541/1
10.5281/zenodo.4474523,dois,https://zenodo.org/record/4474523
10.60516/au5619462,dois,https://pid.geoscience.gov.au/sample/AU5619462
10.5281/zenodo.6914651,dois,https://zenodo.org/record/6914651
10.15468/dl.7iwwpr,dois,http://www.gbif.org/occurrence/download/0004681-171025204727650
10.60516/au7297895,dois,https://pid.geoscience.gov.au/sample/AU7297895
10.58052/iebeg15c8,dois,https://app.geosamples.org/sample/igsn/10.58052/IEBEG15C8
10.25959/23222318,dois,https://figshare.utas.edu.au/articles/thesis/Factors_that_contribute_to_human_error_and_workplace_accidents/23222318
10.6084/m9.figshare.22790930.v1,dois,https://figshare.com/articles/online_resource/Summary-level_association_statistics_from_linear_regression_models_for_HbA1c_and_DNA_methylation_beta_values_Illumina_Infinium_MethylationEPIC_array_in_the_Pittsburgh_Epidemiology_of_Diabetes_Complications_EDC_cohort_study_of_type_1_diabete/22790930/1
10.60516/au5956205,dois,https://pid.geoscience.gov.au/sample/AU5956205
10.7925/drs1.duchas_4672769,dois,http://digital.ucd.ie/view/duchas:4672769
10.15156/bio/sh3439129.08fu,dois,https://doi.plutof.ut.ee/doi/10.15156/BIO/SH3439129.08FU
10.25335/4fx2-jt64,dois,https://d.lib.msu.edu/etd/48752
10.7916/d8vd7mkn,dois,https://dlc.library.columbia.edu/lcaaj/cul:7m0cfxpp9d
10.7916/d8-nn1t-df21,dois,https://dlc.library.columbia.edu/resolve/10.7916/d8-nn1t-df21
10.15468/dl.92gt9h,dois,https://www.gbif.org/occurrence/download/0201802-210914110416597
10.60471/odp02utpk,dois,https://app.geosamples.org/sample/igsn/10.60471/ODP02UTPK
10.13140/rg.2.1.1006.6400,dois,http://rgdoi.net/10.13140/RG.2.1.1006.6400
10.5258/soton/wp00040,dois,http://www.worldpop.org.uk/data/summary/?doi=10.5258/SOTON/WP00040
10.11588/nbdpfbw.2022.2.89833,dois,https://journals.ub.uni-heidelberg.de/index.php/nbdpfbw/article/view/89833
10.48550/arxiv.1509.07661,dois,https://arxiv.org/abs/1509.07661
10.24435/materialscloud:fw-66,dois,https://archive.materialscloud.org/record/2022.112
10.15468/dl.sauci2,dois,https://www.gbif.org/occurrence/download/0006312-190307172214381
10.7910/dvn/1csvbv/dc3tr3,dois,https://dataverse.harvard.edu/file.xhtml?persistentId=doi:10.7910/DVN/1CSVBV/DC3TR3
10.3932/ethz-a-000197953,dois,https://ba.e-pics.ethz.ch/catalog/ETHBIB.Bildarchiv/r/206222
10.60471/odp01aoxw,dois,https://app.geosamples.org/sample/igsn/10.60471/ODP01AOXW
10.60471/odp032gy7,dois,https://app.geosamples.org/sample/igsn/10.60471/ODP032GY7
10.60516/au4990461,dois,https://pid.geoscience.gov.au/sample/AU4990461
10.5883/bold:aaa4052,dois,http://www.boldsystems.org/index.php/Public_BarcodeCluster?clusterguid=BOLD:AAA4052
10.58006/bfbg-7059,dois,https://campagnes.flotteoceanographique.fr/sample?id=BFBG-7059
10.5281/zenodo.6128034,dois,https://zenodo.org/record/6128034
10.57907/mirri/c1lede,dois,http://147.156.5.176:8080/citation?persistentId=doi:10.57907/MIRRI/C1LEDE
10.60516/au4771975,dois,https://pid.geoscience.gov.au/sample/AU4771975
10.60471/odp01teyz,dois,https://app.geosamples.org/sample/igsn/10.60471/ODP01TEYZ
10.21233/rt91-gf69,dois,https://data.neotomadb.org/22610
10.15468/dl.gjtkhg,dois,https://www.gbif.org/occurrence/download/0012297-190621201848488
10.3932/ethz-a-001383200,dois,https://ba.e-pics.ethz.ch/catalog/ETHBIB.Bildarchiv/r/1676320
10.60516/au7105666,dois,https://pid.geoscience.gov.au/sample/AU7105666
10.18730/qz43x,dois,https://glis.fao.org/glis/doi/10.18730/QZ43X
10.60516/au7191035,dois,https://pid.geoscience.gov.au/sample/AU7191035
10.5281/zenodo.238789,dois,https://zenodo.org/record/238789
10.7925/drs1.duchas_4727513,dois,http://digital.ucd.ie/view/duchas:4727513
10.25375/uct.16738333.v1,dois,https://zivahub.uct.ac.za/articles/physical_object/Rafnia_triflora_109668_/16738333/1
10.48550/arxiv.1912.01059,dois,https://arxiv.org/abs/1912.01059
10.15496/publikation-82375,dois,https://publikationen.uni-tuebingen.de/xmlui/handle/10900/141028
10.6073/pasta/628cb4a7c1aec1e81b1af2d9a3b48791,dois,https://portal.edirepository.org/nis/mapbrowse?packageid=ecotrends.12057.2
10.12764/30896_p752,dois,http://www.die-bonn.de/id/30896_p752
10.60516/au478093,dois,https://pid.geoscience.gov.au/sample/AU478093
10.7916/d8-eknc-aa77,dois,https://dlc.library.columbia.edu/resolve/10.7916/d8-eknc-aa77
10.5281/zenodo.1461484,dois,https://zenodo.org/record/1461484
10.11588/diglit.37423,dois,https://digi.ub.uni-heidelberg.de/diglit/studio_yearbook1911
10.60516/au5178605,dois,https://pid.geoscience.gov.au/sample/AU5178605
10.60516/au5673246,dois,https://pid.geoscience.gov.au/sample/AU5673246
10.60516/au931950,dois,https://pid.geoscience.gov.au/sample/AU931950
10.6085/aa/ano001_021mtbd012r00_20050617.50.3,dois,https://data.piscoweb.org/metacatui/#view/doi:10.6085/AA/ANO001_021MTBD012R00_20050617.50.3
10.15156/bio/sh1114761.09fu,dois,https://doi.plutof.ut.ee/doi/10.15156/BIO/SH1114761.09FU
10.12683/eth-20392,dois,https://sr.ethz.ch/digbib/view?pid=srp-001:1901:0::220
10.3932/ethz-a-000536275,dois,https://ba.e-pics.ethz.ch/catalog/ETHBIB.Bildarchiv/r/624727
10.60471/odp01a5uw,dois,https://app.geosamples.org/sample/igsn/10.60471/ODP01A5UW
10.60471/odp01lb0u,dois,https://app.geosamples.org/sample/igsn/10.60471/ODP01LB0U
10.3932/ethz-a-001052573,dois,https://ba.e-pics.ethz.ch/catalog/ETHBIB.Bildarchiv/r/1164806
10.15468/dl.364dcz,dois,https://www.gbif.org/occurrence/download/0164399-220831081235567
10.3932/ethz-a-000495918,dois,https://ba.e-pics.ethz.ch/catalog/ETHBIB.Bildarchiv/r/583793
10.5167/uzh-91433,dois,https://www.zora.uzh.ch/id/eprint/91433
10.14469/ch/1303,dois,https://spectradspace.lib.imperial.ac.uk:8443/dspace/handle/10042/to-1328
10.48370/ofd/v366mi,dois,https://dataverse.openforestdata.pl/citation?persistentId=doi:10.48370/OFD/V366MI
10.17188/1270137,dois,https://www.osti.gov/servlets/purl/1270137/
10.6084/m9.figshare.c.3609521_d1.v1,dois,https://springernature.figshare.com/articles/journal_contribution/Additional_file_1_Table_S1_of_Peripheral_blood_T-cell_signatures_from_high-resolution_immune_phenotyping_of_and_T-cells_in_younger_and_older_subjects_in_the_Berlin_Aging_Study_II/4357832/1
10.48550/arxiv.2104.06625,dois,https://arxiv.org/abs/2104.06625
10.18720/spbpu/2/v18-6126,dois,http://elib.spbstu.ru/dl/2/v18-6126.pdf
10.60516/au823473,dois,https://pid.geoscience.gov.au/sample/AU823473
10.60516/au144107,dois,https://pid.geoscience.gov.au/sample/AU144107
10.15156/bio/sh441031.07fu,dois,https://doi.plutof.ut.ee/doi/10.15156/BIO/SH441031.07FU
10.22004/ag.econ.309524,dois,https://ageconsearch.umn.edu/record/309524
10.5517/ccdc.csd.cc2f0vlx,dois,http://www.ccdc.cam.ac.uk/services/structure_request?id=doi:10.5517/ccdc.csd.cc2f0vlx&sid=DataCite
10.25716/hfmdk-505,dois,https://hfmdk.hebis.de/jspui/handle/123456789/507
10.15468/dl.vrh3ve,dois,https://www.gbif.org/occurrence/download/0023588-230810091245214
10.13145/bacdive109032.20230509.8,dois,https://bacdive.dsmz.de/index.php?site=pdf_view&id=109032&doi=doi:10.13145/bacdive109032.20230509.8
10.6084/m9.figshare.c.3607547,dois,https://figshare.com/collections/Charting_health_system_reconstruction_in_post-war_Liberia_a_comparison_of_rural_vs_remote_healthcare_utilization/3607547
10.5169/seals-579353,dois,https://www.e-periodica.ch/digbib/view?pid=ihz-001:1901:17::2066
10.18730/15t7yg,dois,https://glis.fao.org/glis/doi/10.18730/15T7YG
10.5061/dryad.35q4h/3,dois,http://datadryad.org/resource/doi:10.5061/dryad.35q4h/3
10.5683/sp3/5v5quz,dois,https://borealisdata.ca/citation?persistentId=doi:10.5683/SP3/5V5QUZ
10.60471/odp023yo7,dois,https://app.geosamples.org/sample/igsn/10.60471/ODP023YO7
10.6084/m9.figshare.11749815,dois,https://tandf.figshare.com/articles/Positive_expression_of_i_PAX7_i_indicates_poor_prognosis_of_pediatric_and_adolescent_AML_patients/11749815
10.14456/scitechasia.2022.12,dois,http://doi.nrct.go.th/?page=resolve_doi&resolve_doi=10.14456/scitechasia.2022.12
10.15156/bio/sh1764705.08fu,dois,https://doi.plutof.ut.ee/doi/10.15156/BIO/SH1764705.08FU
10.5169/seals-855816,dois,https://www.e-periodica.ch/digbib/view?pid=sev-003:2008:99::1684
10.15156/bio/sh1703078.08fu,dois,https://doi.plutof.ut.ee/doi/10.15156/BIO/SH1703078.08FU
10.25549/usctheses-m3930,dois,https://digitallibrary.usc.edu/asset-management/2A3BF1U9A2EW
10.25549/slides-c42-651,dois,https://digitallibrary.usc.edu/asset-management/2A3BF19R9BI9
10.3931/e-rara-25202,dois,https://www.e-rara.ch/zut/doi/10.3931/e-rara-25202
10.5169/seals-769655,dois,https://www.e-periodica.ch/digbib/view?pid=arb-013:2006:0::625
10.5169/seals-758815,dois,https://www.e-periodica.ch/digbib/view?pid=alp-004:1949:17::895
10.48550/arxiv.2103.12392,dois,https://arxiv.org/abs/2103.12392
10.20381/ruor-15199,dois,http://ruor.uottawa.ca/handle/10393/7170
10.6084/m9.figshare.12348110,dois,https://adisjournals.figshare.com/articles/Value_Added_Impact_of_Both_Point-of-Care_and_Laboratory_Lactic_Acid_Analysis_When_Emergently_Evaluating_Cancer_Patients/12348110
10.15468/dl.tgbxwc,dois,https://www.gbif.org/occurrence/download/0007284-200221144449610
10.5281/zenodo.7675246,dois,https://zenodo.org/record/7675246
10.17876/plate/dr.2/envelopes/201_50873,dois,https://www.plate-archive.org/objects/dr.2/envelopes/201_50873
10.60494/ftgn-xr49,dois,https://pid.geoscience.gov.au/sample/AU9431202
10.6084/m9.figshare.c.3636695,dois,https://figshare.com/collections/Resting-state_EEG_power_and_coherence_vary_between_migraine_phases/3636695
10.23725/akhp-6959,dois,https://ors.datacite.org/doi:/10.23725/akhp-6959
10.15156/bio/sh1471322.08fu,dois,https://doi.plutof.ut.ee/doi/10.15156/BIO/SH1471322.08FU
10.48370/ofd/clo2tl/a0ndzw,dois,https://dataverse.openforestdata.pl/file.xhtml?persistentId=doi:10.48370/OFD/CLO2TL/A0NDZW
10.58100/ibcr0381exz5001,dois,http://dis.iodp.pangaea.de/BCRDIS/webview/CORES_INFO.aspx?SKEY=26882&SAM=IBCR0381EXZ5001
10.35078/6kqoll/xrhnuh,dois,https://dadosdepesquisa.fiocruz.br/file.xhtml?persistentId=doi:10.35078/6KQOLL/XRHNUH
10.48350/179577,dois,https://boris.unibe.ch/179577/
10.15468/dl.crj3qg,dois,https://www.gbif.org/occurrence/download/0002346-191105090559680
10.6084/m9.figshare.12886916,dois,https://figshare.com/articles/conference_contribution/A_Direct_Integration_Approach_to_Drive-by_Damage_Monitoring_of_Railway_Tracks/12886916
10.6084/m9.figshare.12950756.v1,dois,https://rs.figshare.com/articles/journal_contribution/Supplementary_Information_from_Chytrid_fungi_shape_bacterial_communities_on_model_particulate_organic_matter/12950756/1
10.5281/zenodo.810350,dois,https://zenodo.org/record/810350
10.15468/dl.gr5p4y,dois,https://www.gbif.org/occurrence/download/0196091-210914110416597
10.17026/dans-zy8-3nwz,dois,https://archaeology.datastations.nl/citation?persistentId=doi:10.17026/dans-zy8-3nwz
10.48550/arxiv.2001.01309,dois,https://arxiv.org/abs/2001.01309
10.35078/amkeh0/7zgzsl,dois,https://dadosdepesquisa.fiocruz.br/file.xhtml?persistentId=doi:10.35078/AMKEH0/7ZGZSL
10.15468/dl.guunkv,dois,https://www.gbif.org/occurrence/download/0031497-230224095556074
10.60516/au7418578,dois,https://pid.geoscience.gov.au/sample/AU7418578
10.57912/23889615.v1,dois,https://aura.american.edu/articles/conference_contribution/American_Encounters_conference_paper_Teaching_U_S_History_from_Indian_Country/23889615/1
10.15156/bio/th041468,dois,https://doi.plutof.ut.ee/doi/10.15156/BIO/TH041468
10.5281/zenodo.5448469,dois,https://zenodo.org/record/5448469
10.15156/bio/sh1393222.08fu,dois,https://doi.plutof.ut.ee/doi/10.15156/BIO/SH1393222.08FU
10.60510/awfwi01197,dois,https://dataservices.gfz-potsdam.de/igsn/awi/index.php?igsn=AWFWI01197
10.5169/seals-265177,dois,https://www.e-periodica.ch/digbib/view?pid=emi-001:1944:32::145
10.15156/bio/sh219263.07fu,dois,https://doi.plutof.ut.ee/doi/10.15156/BIO/SH219263.07FU
10.60471/odp012do7,dois,https://app.geosamples.org/sample/igsn/10.60471/ODP012DO7
10.48550/arxiv.physics/0003096,dois,https://arxiv.org/abs/physics/0003096
10.25384/sage.c.6701240.v1,dois,https://sage.figshare.com/collections/The_Changing_Mix_of_Gay_Bar_Subtypes_after_COVID-19_Restrictions_in_the_United_States_2017_to_2023/6701240/1
10.21233/t3y3-hy97,dois,http://data.neotomadb.org/57487
10.13145/bacdive148698.20191129.4.1,dois,https://bacdive.dsmz.de/index.php?site=pdf_view&id=148698&doi=doi:10.13145/bacdive148698.20191129.4.1
10.25549/chs-m12458,dois,https://digitallibrary.usc.edu/asset-management/2A3BF13QPAF
10.5281/zenodo.7781481,dois,https://zenodo.org/record/7781481
10.17876/plate/dr.3/envelopes/202_56270,dois,https://www.plate-archive.org/objects/dr.3/envelopes/202_56270
10.15156/bio/sh1594977.08fu,dois,https://doi.plutof.ut.ee/doi/10.15156/BIO/SH1594977.08FU
10.60471/odp024egd,dois,https://app.geosamples.org/sample/igsn/10.60471/ODP024EGD
10.3932/ethz-a-001085811,dois,https://ba.e-pics.ethz.ch/catalog/ETHBIB.Bildarchiv/r/1208814
10.58100/ibcr0364exxoa01,dois,http://dis.iodp.pangaea.de/BCRDIS/webview/CORES_INFO.aspx?SKEY=26567&SAM=IBCR0364EXXOA01
10.15156/bio/th035893,dois,https://doi.plutof.ut.ee/doi/10.15156/BIO/TH035893
10.15156/bio/sh1529275.08fu,dois,https://doi.plutof.ut.ee/doi/10.15156/BIO/SH1529275.08FU
10.13145/bacdive163219.20221219.7.1,dois,https://bacdive.dsmz.de/index.php?site=pdf_view&id=163219&doi=doi:10.13145/bacdive163219.20221219.7.1
10.7916/d8j67w65,dois,https://dlc.library.columbia.edu/lcaaj/cul:s1rn8pk1c9
10.34847/nkl.be437kn6,dois,https://nakala.fr/10.34847/nkl.be437kn6
10.15156/bio/sh1527999.08fu,dois,https://doi.plutof.ut.ee/doi/10.15156/BIO/SH1527999.08FU
10.60516/au2220918,dois,https://pid.geoscience.gov.au/sample/AU2220918
10.15156/bio/sh1803232.08fu,dois,https://doi.plutof.ut.ee/doi/10.15156/BIO/SH1803232.08FU
10.3932/ethz-a-000707268,dois,https://ba.e-pics.ethz.ch/catalog/ETHBIB.Bildarchiv/r/799039
10.60516/au5793649,dois,https://pid.geoscience.gov.au/sample/AU5793649
10.60494/3vjm-ya78,dois,https://pid.geoscience.gov.au/sample/AU8682676
10.60494/rfad-eb36,dois,https://pid.geoscience.gov.au/sample/AU8512891
10.4225/72/5991cba4ef6e2,dois,http://catalog.paradisec.org.au/collections/IG9/items/N05/essences/1109352
10.6084/m9.figshare.14067815,dois,https://figshare.com/articles/dataset/Additional_file_2a/14067815
10.60471/odp02nv9w,dois,https://app.geosamples.org/sample/igsn/10.60471/ODP02NV9W
10.60712/si-id312858.1,dois,https://straininfo.dsmz.de/search?sea=312858&qapi=/v1/search/culture/str_id/
10.13140/rg.2.2.24735.71845,dois,http://rgdoi.net/10.13140/RG.2.2.24735.71845
10.14469/ch/129258,dois,https://spectradspace.lib.imperial.ac.uk:8443/dspace/handle/10042/134211
10.60516/au5843197,dois,https://pid.geoscience.gov.au/sample/AU5843197
10.60494/5emh-6x61,dois,https://pid.geoscience.gov.au/sample/AU9406895
10.34660/inf.2023.15.49.034,dois,http://search.rads-doi.org/project/12529/object/183103
10.5445/ir/1000081985,dois,https://publikationen.bibliothek.kit.edu/1000081985
10.25673/opendata2-91140,dois,https://opendata2.uni-halle.de//handle/1516514412012/91154
10.14469/ch/41814,dois,https://spectradspace.lib.imperial.ac.uk:8443/dspace/handle/10042/48213
10.3204/desy-proc-2015-02/roncadelli_marco,dois,http://bib-pubdb1.desy.de/record/316737
10.35078/6ykaza/zksc9d,dois,https://dadosdepesquisa.fiocruz.br/file.xhtml?persistentId=doi:10.35078/6YKAZA/ZKSC9D
10.60471/odp027k4d,dois,https://app.geosamples.org/sample/igsn/10.60471/ODP027K4D
10.15156/bio/sh062363.07fu,dois,https://doi.plutof.ut.ee/doi/10.15156/BIO/SH062363.07FU
10.60471/odp02jjjp,dois,https://app.geosamples.org/sample/igsn/10.60471/ODP02JJJP
10.3929/ethz-b-000581366,dois,http://hdl.handle.net/20.500.11850/581366
10.60516/au913451,dois,https://pid.geoscience.gov.au/sample/AU913451
10.15468/dl.f9xmat,dois,https://www.gbif.org/occurrence/download/0396974-210914110416597
10.60494/6kby-at17,dois,https://pid.geoscience.gov.au/sample/AU9117423
10.4225/72/5a392bb27e111,dois,http://catalog.paradisec.org.au/collections/MTC1/items/AY16/essences/1141857
10.6084/m9.figshare.15152277,dois,https://figshare.com/articles/dataset/Threshold_Images/15152277
10.3932/ethz-a-001102519,dois,https://ba.e-pics.ethz.ch/catalog/ETHBIB.Bildarchiv/r/1229072
10.4230/darts.4.2.4,dois,http://drops.dagstuhl.de/opus/volltexte/2018/8972/
10.7939/r3-hb7f-rk51,dois,https://era.library.ualberta.ca/items/94c361af-bb47-4674-9361-ce43d9fbe2e5
10.17632/vtb8ym2vgd.1,dois,https://data.mendeley.com/datasets/vtb8ym2vgd/1
10.6084/m9.figshare.12855524.v2,dois,https://figshare.com/articles/figure/Figures_for_Article_resubmission_JGR_/12855524/2
10.60471/odp02mtvq,dois,https://app.geosamples.org/sample/igsn/10.60471/ODP02MTVQ
10.25642/ipk/gbis/7811814,dois,https://apex.ipk-gatersleben.de/apex/f?p=DOI:RESOLVE:::NO:RP:DOI:10.25642/IPK/GBIS/7811814
10.15468/dl.a4gx5g,dois,https://www.gbif.org/occurrence/download/0051320-210914110416597
10.60516/au5584202,dois,https://pid.geoscience.gov.au/sample/AU5584202
10.60516/au6134099,dois,https://pid.geoscience.gov.au/sample/AU6134099
10.11588/ma.1987.75.24762,dois,http://journals.ub.uni-heidelberg.de/index.php/ma/article/view/24762
10.5281/zenodo.3152664,dois,https://zenodo.org/record/3152664
10.15156/bio/th024451,dois,https://doi.plutof.ut.ee/doi/10.15156/BIO/TH024451
10.18730/12n7m$,dois,https://glis.fao.org/glis/doi/10.18730/12N7M$
10.60494/f3dg-ae55,dois,https://pid.geoscience.gov.au/sample/AU9173890
10.60494/pra7-0w90,dois,https://pid.geoscience.gov.au/sample/AU8631669
10.5169/seals-380185,dois,https://www.e-periodica.ch/digbib/view?pid=rtp-003:1930:18::264
10.17596/0001916,dois,https://www.jamstec.go.jp/datadoi/doi/10.17596/0001916.html
10.58052/neon03y51,dois,https://app.geosamples.org/sample/igsn/10.58052/NEON03Y51
10.5525/gla.thesis.74413,dois,http://theses.gla.ac.uk/id/eprint/74413
10.5281/zenodo.2908050,dois,https://zenodo.org/record/2908050
10.60471/odp014ut1,dois,https://app.geosamples.org/sample/igsn/10.60471/ODP014UT1
10.60471/odp025ogb,dois,https://app.geosamples.org/sample/igsn/10.60471/ODP025OGB
10.26197/5d6b7ab05d3f1,dois,https://doi.ala.org.au/doi/5387cf92-bb54-4582-abed-0eb5b200f4e6
10.15156/bio/sh2030199.08fu,dois,https://doi.plutof.ut.ee/doi/10.15156/BIO/SH2030199.08FU
10.17182/hepdata.31726.v1/t5,dois,https://www.hepdata.net/record/31746
10.14457/cmu.the.2009.132,dois,http://doi.nrct.go.th/?page=resolve_doi&resolve_doi=10.14457/CMU.the.2009.132
10.6085/aa/lop001_026mtbd004r00_20100911.40.1,dois,https://data.piscoweb.org/catalog/d1/mn/v1/object/doi:10.6085/AA/LOP001_026MTBD004R00_20100911.40.1
10.60516/au5917525,dois,https://pid.geoscience.gov.au/sample/AU5917525
10.60471/odp02j45h,dois,https://app.geosamples.org/sample/igsn/10.60471/ODP02J45H
10.5517/ccnjkl9,dois,http://www.ccdc.cam.ac.uk/services/structure_request?id=doi:10.5517/ccnjkl9&sid=DataCite
10.14456/stj.2019.4,dois,http://doi.nrct.go.th/?page=resolve_doi&resolve_doi=10.14456/stj.2019.4
10.3932/ethz-a-000305267,dois,https://ba.e-pics.ethz.ch/catalog/ETHBIB.Bildarchiv/r/485318
10.14457/kmutt.res.2010.25,dois,http://doi.nrct.go.th/?page=resolve_doi&resolve_doi=10.14457/KMUTT.res.2010.25
10.58151/nhb000wfl,dois,https://app.geosamples.org/sample/igsn/10.58151/NHB000WFL
10.14469/ch/175982,dois,https://spectradspace.lib.imperial.ac.uk:8443/dspace/handle/10042/180406
10.13145/bacdive125399.20220920.7,dois,https://bacdive.dsmz.de/index.php?site=pdf_view&id=125399&doi=doi:10.13145/bacdive125399.20220920.7
10.60494/qf0d-2093,dois,https://pid.geoscience.gov.au/sample/AU9594644
10.5281/zenodo.1402137,dois,https://zenodo.org/record/1402137
10.15156/bio/sh256584.07fu,dois,https://doi.plutof.ut.ee/doi/10.15156/BIO/SH256584.07FU
10.60516/au5419152,dois,https://pid.geoscience.gov.au/sample/AU5419152
10.6085/aa/winxxx_015mtbd009r00_20010425.40.2,dois,https://data.piscoweb.org/catalog/d1/mn/v1/object/doi:10.6085/AA/WINXXX_015MTBD009R00_20010425.40.2
10.12764/15384_p41,dois,http://www.die-bonn.de/id/15384_p41
10.6084/m9.figshare.c.3606662.v1,dois,https://figshare.com/collections/The_application_of_transcriptomic_data_in_the_authentication_of_beef_derived_from_contrasting_production_systems/3606662/1
10.34847/nkl.bd928s9z,dois,https://nakala.fr/10.34847/nkl.bd928s9z
10.15781/t2c824g2w,dois,https://repositories.lib.utexas.edu/handle/2152/41169
10.60516/au5509753,dois,https://pid.geoscience.gov.au/sample/AU5509753
10.48550/arxiv.1708.00859,dois,https://arxiv.org/abs/1708.00859
10.60516/au6235281,dois,https://pid.geoscience.gov.au/sample/AU6235281
10.60471/odp01ryey,dois,https://app.geosamples.org/sample/igsn/10.60471/ODP01RYEY
10.15468/dl.lcts4z,dois,https://www.gbif.org/occurrence/download/0030417-200221144449610
10.7910/dvn/nnk8i7/vvrceo,dois,https://dataverse.harvard.edu/file.xhtml?persistentId=doi:10.7910/DVN/NNK8I7/VVRCEO
10.13145/bacdive107440.20180622.3,dois,http://bacdive.dsmz.de/index.php?site=pdf_view&id=107440&doi=doi:10.13145/bacdive107440.20180622.3
10.7925/drs1.duchas_4652815,dois,http://digital.ucd.ie/view/duchas:4652815
10.7910/dvn/sk7jvv/rtourj,dois,https://dataverse.harvard.edu/file.xhtml?persistentId=doi:10.7910/DVN/SK7JVV/RTOURJ
10.58151/nhb004l4g,dois,https://app.geosamples.org/sample/igsn/10.58151/NHB004L4G
10.15463/ie1418.10529,dois,http://encyclopedia.1914-1918-online.net/article/religious_mobilization_and_popular_belief_italy/2015-01-06
10.1184/r1/6614933,dois,https://kilthub.cmu.edu/articles/Group_Support_Interventions_for_Women_With_Breast_Cancer_Who_Benefits_From_What_/6614933
10.18730/59g56,dois,https://glis.fao.org/glis/doi/10.18730/59G56
10.7916/d8rj5rmf,dois,https://dlc.library.columbia.edu/resolve/10.7916/D8RJ5RMF
10.34847/nkl.bcearo45,dois,https://nakala.fr/10.34847/nkl.bcearo45
10.16903/ethz-grs-d_010996,dois,https://www.e-gs.ethz.ch/eMP/eMuseumPlus?service=ExternalInterface&module=collection&objectId=25664&viewType=detailView
10.5281/zenodo.6834717,dois,https://zenodo.org/record/6834717
10.5517/cc140rxt,dois,http://www.ccdc.cam.ac.uk/services/structure_request?id=doi:10.5517/cc140rxt&sid=DataCite
10.60516/au4590583,dois,https://pid.geoscience.gov.au/sample/AU4590583
10.4225/72/59932071f1fab,dois,http://catalog.paradisec.org.au/collections/KK1/items/0036/essences/1126952
10.25435/documento.177765,dois,https://archiviostorico.fondazione1563.it/oggetti/177765-eredita-bernocco
10.6084/m9.figshare.53050,dois,https://figshare.com/articles/figure/Corto_and_DSP1_interact_and_bind_to_a_maintenance_element_of_the_gene:_understanding_the_role_of_-2/53050
10.6084/m9.figshare.831068,dois,https://figshare.com/articles/figure/Laguna_Cazadero_Bel_n_Boyac_/831068
10.6084/m9.figshare.c.3631949_d6,dois,https://springernature.figshare.com/articles/figure/Additional_file_5_Figure_S4_of_Unusual_sub-genus_associations_of_faecal_Prevotella_and_Bacteroides_with_specific_dietary_patterns/4426625
10.60494/hgab-mq76,dois,https://pid.geoscience.gov.au/sample/AU8204671
10.15468/dl.s74adv,dois,https://www.gbif.org/occurrence/download/0153865-220831081235567
10.60516/au2327963,dois,https://pid.geoscience.gov.au/sample/AU2327963
10.3886/icpsr31921.v4,dois,https://www.icpsr.umich.edu/web/NAHDAP/studies/31921/versions/V4
10.60471/odp01qt9j,dois,https://app.geosamples.org/sample/igsn/10.60471/ODP01QT9J
10.5283/epub.26722,dois,https://epub.uni-regensburg.de/id/eprint/26722
10.5169/seals-109416,dois,https://www.e-periodica.ch/digbib/view?pid=aip-001:1912:3::21
10.7916/d8-4wd3-5518,dois,https://dlc.library.columbia.edu/catalog/ldpd:182425
10.25384/sage.13238229.v1,dois,https://sage.figshare.com/articles/journal_contribution/TRR964786_Supplemental_Material_CLN_Supplemental_material_for_Examining_Prominent_Causes_of_Traffic_Injury_Severity_in_Louisiana_with_Multinomial_Logistic_Models/13238229/1
10.48370/ofd/nghy1p,dois,https://dataverse.openforestdata.pl/citation?persistentId=doi:10.48370/OFD/NGHY1P
10.17605/osf.io/a8yvk,dois,https://osf.io/a8yvk/
10.17876/plate/dr.2/plates/201_35722,dois,https://www.plate-archive.org/objects/dr.2/plates/201_35722
10.48370/ofd/lypwgs,dois,https://dataverse.openforestdata.pl/citation?persistentId=doi:10.48370/OFD/LYPWGS
10.11588/heidok.00008481,dois,http://archiv.ub.uni-heidelberg.de/volltextserver/id/eprint/8481
10.14288/1.0126085,dois,https://doi.library.ubc.ca/10.14288/1.0126085
10.13145/bacdive135557.20220920.7,dois,https://bacdive.dsmz.de/index.php?site=pdf_view&id=135557&doi=doi:10.13145/bacdive135557.20220920.7
10.5281/zenodo.3210018,dois,https://zenodo.org/record/3210018
10.14457/mu.the.1999.140,dois,http://doi.nrct.go.th/?page=resolve_doi&resolve_doi=10.14457/MU.the.1999.140
10.60516/au5361570,dois,https://pid.geoscience.gov.au/sample/AU5361570
10.60516/au2524069,dois,https://pid.geoscience.gov.au/sample/AU2524069
10.15156/bio/sh1496962.08fu,dois,https://doi.plutof.ut.ee/doi/10.15156/BIO/SH1496962.08FU
10.5281/zenodo.8074976,dois,https://zenodo.org/record/8074976
10.60494/q9qb-ch77,dois,https://pid.geoscience.gov.au/sample/AU8792269
10.6073/pasta/e2144789e2f2d4c7fa7cddfebe7c56a2,dois,https://portal.edirepository.org/nis/mapbrowse?packageid=lter-landsat-ledaps.860.1
10.5281/zenodo.808418,dois,https://zenodo.org/record/808418
10.25384/sage.16620286,dois,https://sage.figshare.com/articles/journal_contribution/sj-pdf-3-fla-10_1177_01427237211043594_Supplemental_material_for_How_do_3-year-olds_use_relevance_inferencing_to_interpret_indirect_speech_/16620286
10.25645/4sdx-f74z,dois,https://architekturmuseum.ub.tu-berlin.de/P/386029.php
10.58052/iedai033h,dois,https://app.geosamples.org/sample/igsn/10.58052/IEDAI033H
10.3929/ethz-b-000406136,dois,http://hdl.handle.net/20.500.11850/406136
10.13145/bacdive7029.20170829.2,dois,http://bacdive.dsmz.de/index.php?site=pdf_view&id=7029&doi=doi:10.13145/bacdive7029.20170829.2
10.6084/m9.figshare.17151,dois,https://figshare.com/articles/figure/_A_The_predicted_genes_flanking_exons_in_black_/17151
10.60471/odp027xfz,dois,https://app.geosamples.org/sample/igsn/10.60471/ODP027XFZ
10.48550/arxiv.2203.00400,dois,https://arxiv.org/abs/2203.00400
10.58052/hrv000189,dois,https://app.geosamples.org/sample/igsn/10.58052/HRV000189
10.60516/au4802447,dois,https://pid.geoscience.gov.au/sample/AU4802447
10.15156/bio/sh1176840.09fu,dois,https://doi.plutof.ut.ee/doi/10.15156/BIO/SH1176840.09FU
10.5281/zenodo.571486,dois,https://zenodo.org/record/571486
10.7910/dvn/hhsjy8/b10cd6,dois,https://dataverse.harvard.edu/file.xhtml?persistentId=doi:10.7910/DVN/HHSJY8/B10CD6
10.13140/rg.2.2.35195.52006,dois,http://rgdoi.net/10.13140/RG.2.2.35195.52006
10.11588/diglit.13710.110,dois,https://digi.ub.uni-heidelberg.de/diglit/form1929/0304
10.60494/gj01-vq54,dois,https://pid.geoscience.gov.au/sample/AU9108857
10.48550/arxiv.2309.02963,dois,https://arxiv.org/abs/2309.02963
10.15468/dl.emvr9a,dois,https://www.gbif.org/occurrence/download/0060143-230530130749713
10.11588/soai.1995.4.8808,dois,https://hasp.ub.uni-heidelberg.de/journals/soai/article/view/8808
10.57780/esa-yofbqnp,dois,http://esdcdoi.esac.esa.int/doi/html/data/astronomy/cheops/1953514.html
10.6084/m9.figshare.8109299,dois,https://figshare.com/articles/pluto_graph_theta_phi1_zip/8109299
10.7284/135869,dois,https://www.rvdata.us/search/fileset/135869
10.5281/zenodo.6836169,dois,https://zenodo.org/record/6836169
10.58052/prr025910,dois,https://app.geosamples.org/sample/igsn/10.58052/PRR025910
10.60712/si-id218761.1,dois,https://straininfo.dsmz.de/search?sea=218761&qapi=/v1/search/culture/str_id/
10.60471/odp02iqtz,dois,https://app.geosamples.org/sample/igsn/10.60471/ODP02IQTZ
10.15156/bio/sh1694645.08fu,dois,https://doi.plutof.ut.ee/doi/10.15156/BIO/SH1694645.08FU
10.34847/nkl.7bf7x444,dois,https://nakala.fr/10.34847/nkl.7bf7x444
10.25573/serc.20060324.v2,dois,https://smithsonian.figshare.com/articles/dataset/2018_Water_Quality_Data_Bocas_del_Toro_MarineGEO_Smithsonian_Tropical_Research_Institute/20060324/2
10.15156/bio/sh1153757.08fu,dois,https://doi.plutof.ut.ee/doi/10.15156/BIO/SH1153757.08FU
10.11588/wja.1987.0.26715,dois,http://journals.ub.uni-heidelberg.de/index.php/wja/article/view/26715
10.15468/dl.zh3l4q,dois,https://www.gbif.org/occurrence/download/0006174-190621201848488
10.15156/bio/sh2703052.08fu,dois,https://doi.plutof.ut.ee/doi/10.15156/BIO/SH2703052.08FU
10.15468/dl.hwmn4r,dois,https://www.gbif.org/occurrence/download/0061297-220831081235567
10.58052/neon07zlp,dois,https://app.geosamples.org/sample/igsn/10.58052/NEON07ZLP
10.5281/zenodo.4670572,dois,https://zenodo.org/record/4670572
10.15157/ea.v0i0.13884,dois,http://ojs.utlib.ee/index.php/EA/article/view/13884
10.6084/m9.figshare.c.3606236_d4.v1,dois,https://springernature.figshare.com/articles/journal_contribution/Additional_file_4_Table_S3_of_Scalable_and_cost-effective_NGS_genotyping_in_the_cloud/4348097/1
10.60471/odp015n67,dois,https://app.geosamples.org/sample/igsn/10.60471/ODP015N67
10.15468/dl.458vux,dois,https://www.gbif.org/occurrence/download/0270304-200613084148143
10.48550/arxiv.1212.3760,dois,https://arxiv.org/abs/1212.3760
10.25549/one-c4-25340,dois,https://digitallibrary.usc.edu/asset-management/2A3BF1OFYN0ZF
10.25384/sage.c.5873504.v1,dois,https://sage.figshare.com/collections/Long-Term_Blood_Pressure_Exposure_From_Childhood_and_Early_Vascular_Aging_in_Midlife_A_30-Year_Prospective_Cohort_Study/5873504/1
10.5073/20191025-104729,dois,https://www.openagrar.de/receive/openagrar_mods_00052106
10.5517/ccdc.csd.cc1zprm1,dois,http://www.ccdc.cam.ac.uk/services/structure_request?id=doi:10.5517/ccdc.csd.cc1zprm1&sid=DataCite
10.15468/dl.9det99,dois,https://www.gbif.org/occurrence/download/0225933-210914110416597
10.25375/uct.16739980,dois,https://zivahub.uct.ac.za/articles/physical_object/Aspalathus_ternata_113365_/16739980
10.60516/au4963228,dois,https://pid.geoscience.gov.au/sample/AU4963228
10.6067/xcv8dz09ws,dois,http://core.tdar.org/image/400685/sku11-1002
10.15468/dl.d9fx4u,dois,https://www.gbif.org/occurrence/download/0052622-230224095556074
10.5281/zenodo.840131,dois,https://zenodo.org/record/840131
10.23728/b2share.d364d059301145c3b64b0b5f36e7986c,dois,https://b2share.eudat.eu/records/d364d059301145c3b64b0b5f36e7986c
10.22004/ag.econ.103670,dois,https://ageconsearch.umn.edu/record/103670
10.48370/ofd/pnvi0c,dois,https://dataverse.openforestdata.pl/citation?persistentId=doi:10.48370/OFD/PNVI0C
10.17876/plate/dr.3/envelopes/203_48578,dois,https://www.plate-archive.org/objects/dr.3/envelopes/203_48578
10.15156/bio/sh2865176.08fu,dois,https://doi.plutof.ut.ee/doi/10.15156/BIO/SH2865176.08FU
10.48550/arxiv.cond-mat/0603410,dois,https://arxiv.org/abs/cond-mat/0603410
10.15156/bio/sh179012.07fu,dois,https://doi.plutof.ut.ee/doi/10.15156/BIO/SH179012.07FU
10.25664/art-0183,dois,https://ascomycete.org/Journal/Article/art-0183
10.48531/jbru.calmip/d0pwa8/wx1vr3,dois,https://dataverse.callisto.calmip.univ-toulouse.fr/file.xhtml?persistentId=doi:10.48531/JBRU.CALMIP/D0PWA8/WX1VR3
10.17182/hepdata.60582.v1/t187,dois,https://www.hepdata.net/record/61173
10.17605/osf.io/9yft4,dois,https://psyarxiv.com/9yft4/
10.60471/odp01i2co,dois,https://app.geosamples.org/sample/igsn/10.60471/ODP01I2CO
10.60516/au3303209,dois,https://pid.geoscience.gov.au/sample/AU3303209
10.5281/zenodo.4700846,dois,https://zenodo.org/record/4700846
10.58052/neon03i7s,dois,https://app.geosamples.org/sample/igsn/10.58052/NEON03I7S
10.15468/dl.avu5k5,dois,https://www.gbif.org/occurrence/download/0093476-230530130749713
10.60516/au1168836,dois,https://pid.geoscience.gov.au/sample/AU1168836
10.25582/data.2021-07.2279106/1965450,dois,https://www.osti.gov/servlets/purl/1965450/
10.5281/zenodo.2528171,dois,https://zenodo.org/record/2528171
10.5281/zenodo.6176473,dois,https://zenodo.org/record/6176473
10.5281/zenodo.3761012,dois,https://zenodo.org/record/3761012
10.17863/cam.44884,dois,https://www.repository.cam.ac.uk/handle/1810/297830
10.7302/7684,dois,http://deepblue.lib.umich.edu/handle/2027.42/176948
10.58100/ibcr0364exf0601,dois,http://dis.iodp.pangaea.de/BCRDIS/webview/CORES_INFO.aspx?SKEY=26688&SAM=IBCR0364EXF0601
10.60471/odp02y8fh,dois,https://app.geosamples.org/sample/igsn/10.60471/ODP02Y8FH
10.1594/seram2014/s-0362,dois,http://epos.myesr.org/poster/seram2014//S-0362
10.48550/arxiv.2110.10713,dois,https://arxiv.org/abs/2110.10713
10.5281/zenodo.5780234,dois,https://zenodo.org/record/5780234
10.60516/au1061904,dois,https://pid.geoscience.gov.au/sample/AU1061904
10.12764/17485_p13,dois,http://www.die-bonn.de/id/17485_p13
10.5281/zenodo.5582585,dois,https://zenodo.org/record/5582585
10.48550/arxiv.1003.4012,dois,https://arxiv.org/abs/1003.4012
10.15156/bio/sh508178.07fu,dois,https://doi.plutof.ut.ee/doi/10.15156/BIO/SH508178.07FU
10.5281/zenodo.2681967,dois,https://zenodo.org/record/2681967
10.18710/4buyxx/ng0lbz,dois,https://dataverse.no/file.xhtml?persistentId=doi:10.18710/4BUYXX/NG0LBZ
10.25415/ujhb.19474817,dois,https://repository.uj.ac.za/articles/online_resource/Mathematics_for_Diploma_Students_1/19474817
10.5281/zenodo.1284108,dois,https://zenodo.org/record/1284108
10.60494/1c2r-6964,dois,https://pid.geoscience.gov.au/sample/AU8270644
10.48550/arxiv.2203.04849,dois,https://arxiv.org/abs/2203.04849
10.15468/dl.q62d6z,dois,https://www.gbif.org/occurrence/download/0118695-230224095556074
10.48550/arxiv.1305.3130,dois,https://arxiv.org/abs/1305.3130
10.18730/17522f,dois,https://glis.fao.org/glis/doi/10.18730/17522F
10.60471/odp02mnw6,dois,https://app.geosamples.org/sample/igsn/10.60471/ODP02MNW6
10.60471/odp02e16p,dois,https://app.geosamples.org/sample/igsn/10.60471/ODP02E16P
10.48550/arxiv.2306.04668,dois,https://arxiv.org/abs/2306.04668
10.13145/bacdive9071.20191129.4.1,dois,https://bacdive.dsmz.de/index.php?site=pdf_view&id=9071&doi=doi:10.13145/bacdive9071.20191129.4.1
10.26262/heal.auth.ir.329393,dois,https://ikee.lib.auth.gr/record/329393
10.5281/zenodo.8059796,dois,https://zenodo.org/record/8059796
10.3932/ethz-a-000227534,dois,https://ba.e-pics.ethz.ch/catalog/ETHBIB.Bildarchiv/r/236080
10.48644/mpirg_sisis_200175,dois,https://dlc.mpg.de/resolver?field=MD_PI_DOI&identifier=10.48644/mpirg_sisis_200175
10.7282/t3319wrd,dois,https://rucore.libraries.rutgers.edu/rutgers-lib/17297/
10.17026/dans-zva-39va,dois,https://archaeology.datastations.nl/citation?persistentId=doi:10.17026/dans-zva-39va
10.6067/xcv8bv7hts,dois,http://core.tdar.org/document/197315/archaeological-study-report-hodges-street-extension-raleigh-wake-county-project-98059167-u-1225p
10.25940/roper-31105605,dois,https://doi.roper.center?doi=10.25940/ROPER-31105605
10.57907/mirri/nvr577/ta5mzy,dois,http://147.156.5.176:8080/file.xhtml?persistentId=doi:10.57907/MIRRI/NVR577/TA5MZY
10.60516/au6217488,dois,https://pid.geoscience.gov.au/sample/AU6217488
10.3932/ethz-a-001303466,dois,https://ba.e-pics.ethz.ch/catalog/ETHBIB.Bildarchiv/r/1443758
10.48550/arxiv.1210.2539,dois,https://arxiv.org/abs/1210.2539
10.15156/bio/sh1742978.08fu,dois,https://doi.plutof.ut.ee/doi/10.15156/BIO/SH1742978.08FU
10.17605/osf.io/a9vyd,dois,https://osf.io/a9vyd/
10.13140/rg.2.1.4044.3363,dois,http://rgdoi.net/10.13140/RG.2.1.4044.3363
10.21258/1550067,dois,https://www.lfi.ch/resultate/resultate-fr.php?prodNr=70&prodItNr=894163&lang=fr
10.60471/odp032sj7,dois,https://app.geosamples.org/sample/igsn/10.60471/ODP032SJ7
10.25375/uct.16716484,dois,https://zivahub.uct.ac.za/articles/physical_object/Indigofera_cytisoides_53237_/16716484
10.58108/csrwa19919,dois,https://rockstore.csiro.au/arrc/#/browsesamples/CSRWA19919
10.58052/neon04ki6,dois,https://app.geosamples.org/sample/igsn/10.58052/NEON04KI6
10.60471/odp02zx0h,dois,https://app.geosamples.org/sample/igsn/10.60471/ODP02ZX0H
10.20379/dbaud-1041,dois,http://webdatenbank.grass-medienarchiv.de/receive/ggrass_mods_00001019
10.15156/bio/sh1243667.08fu,dois,https://doi.plutof.ut.ee/doi/10.15156/BIO/SH1243667.08FU
10.60516/au6307047,dois,https://pid.geoscience.gov.au/sample/AU6307047
10.60471/odp030bbh,dois,https://app.geosamples.org/sample/igsn/10.60471/ODP030BBH
10.60471/odp022bky,dois,https://app.geosamples.org/sample/igsn/10.60471/ODP022BKY
10.25446/oxford.21181045.v1,dois,https://portal.sds.ox.ac.uk/articles/online_resource/P_Oxy_LXXVII_5120_Order_to_Supply_Meat/21181045/1
10.5281/zenodo.5478127,dois,https://zenodo.org/record/5478127
10.17188/1312407,dois,http://www.osti.gov/servlets/purl/1312407/
10.18730/hyy91,dois,https://glis.fao.org/glis/doi/10.18730/HYY91
10.15156/bio/sh130773.07fu,dois,https://doi.plutof.ut.ee/doi/10.15156/BIO/SH130773.07FU
10.18730/5hbrw,dois,https://glis.fao.org/glis/doi/10.18730/5HBRW
10.48781/ntnu.163344,dois,https://ntnu.tind.io/record/163344
10.60471/odp01oget,dois,https://app.geosamples.org/sample/igsn/10.60471/ODP01OGET
10.12683/eth-108992,dois,https://sr.ethz.ch/digbib/view?pid=srp-001:1967:0::1107
10.15468/dl.yu5vct,dois,https://www.gbif.org/occurrence/download/0217420-230224095556074
10.26262/heal.auth.ir.124773,dois,https://ikee.lib.auth.gr/record/124773
10.60471/odp01x1yb,dois,https://app.geosamples.org/sample/igsn/10.60471/ODP01X1YB
10.5281/zenodo.1170928,dois,https://zenodo.org/record/1170928
10.5281/zenodo.2681136,dois,https://zenodo.org/record/2681136
10.13145/bacdive5037.20211221.6,dois,https://bacdive.dsmz.de/index.php?site=pdf_view&id=5037&doi=doi:10.13145/bacdive5037.20211221.6
10.13145/bacdive162649.20230509.8,dois,https://bacdive.dsmz.de/index.php?site=pdf_view&id=162649&doi=doi:10.13145/bacdive162649.20230509.8
10.5517/ccdc.csd.cc1p4yqh,dois,http://www.ccdc.cam.ac.uk/services/structure_request?id=doi:10.5517/ccdc.csd.cc1p4yqh&sid=DataCite
10.48550/arxiv.1408.6309,dois,https://arxiv.org/abs/1408.6309
10.60516/au5910614,dois,https://pid.geoscience.gov.au/sample/AU5910614
10.7910/dvn/9zshyb/tw4hri,dois,https://dataverse.harvard.edu/file.xhtml?persistentId=doi:10.7910/DVN/9ZSHYB/TW4HRI
10.48550/arxiv.2003.01181,dois,https://arxiv.org/abs/2003.01181
10.25549/impa-m66833,dois,https://digitallibrary.usc.edu/asset-management/2A3BF1CEB5S0
10.6084/m9.figshare.12155334.v1,dois,https://figshare.com/articles/1-1_png/12155334/1
10.7910/dvn/ihd51c/qtactu,dois,https://dataverse.harvard.edu/file.xhtml?persistentId=doi:10.7910/DVN/IHD51C/QTACTU
10.5169/seals-941261,dois,https://www.e-periodica.ch/digbib/view?pid=wel-004:1983:75::511
10.25588/1575.2022.74.53.015,dois,http://search.rads-doi.org/project/11024/object/162113
10.25549/wpacards-m30959,dois,https://digitallibrary.usc.edu/asset-management/2A3BF1ZTPG7T
10.5169/seals-485352,dois,https://www.e-periodica.ch/digbib/view?pid=neb-001:1946:72::1354
10.6084/m9.figshare.1568784.v1,dois,https://tandf.figshare.com/articles/journal_contribution/Synthesis_structural_characterization_and_reactivity_of_a_bis_phosphine_silyl_platinum_II_complex/1568784/1
10.5281/zenodo.2605174,dois,https://zenodo.org/record/2605174
10.26197/ala.c7fe81f8-d47f-4ab4-946d-c328c128360c,dois,https://doi.ala.org.au/doi/c7fe81f8-d47f-4ab4-946d-c328c128360c
10.1594/pangaea.831778,dois,https://doi.pangaea.de/10.1594/PANGAEA.831778
10.60471/odp032n33,dois,https://app.geosamples.org/sample/igsn/10.60471/ODP032N33
10.60471/odp01vyhh,dois,https://app.geosamples.org/sample/igsn/10.60471/ODP01VYHH
10.25673/opendata2-83641,dois,https://opendata2.uni-halle.de//handle/1516514412012/83655
10.7910/dvn/avyxxn/rq73tc,dois,https://dataverse.harvard.edu/file.xhtml?persistentId=doi:10.7910/DVN/AVYXXN/RQ73TC
10.34847/cocoon.235aca71-124d-314b-a40d-e5b22bebd9e1,dois,https://cocoon.huma-num.fr/exist/crdo/meta/cocoon-235aca71-124d-314b-a40d-e5b22bebd9e1
10.5281/zenodo.3363401,dois,https://zenodo.org/record/3363401
10.21258/1516736,dois,https://www.lfi.ch/resultate/resultate-fr.php?prodNr=70&prodItNr=812095&lang=fr
10.18730/102ez7,dois,https://glis.fao.org/glis/doi/10.18730/102EZ7
10.5169/seals-908139,dois,https://www.e-periodica.ch/digbib/view?pid=chs-001:1992:19::182
10.15468/dl.uk7zzn,dois,http://www.gbif.org/occurrence/download/0008029-170714134226665
10.6084/m9.figshare.21664098.v2,dois,https://rs.figshare.com/articles/dataset/Raw_datasets_from_Cellular_mechanisms_underlying_extraordinary_sulphide_tolerance_in_a_crustacean_holobiont_from_hydrothermal_vents/21664098/2
10.3932/ethz-a-000319904,dois,https://ba.e-pics.ethz.ch/catalog/ETHBIB.Bildarchiv/r/559789
10.58151/nhb007i2i,dois,https://app.geosamples.org/sample/igsn/10.58151/NHB007I2I
10.5281/zenodo.1237661,dois,https://zenodo.org/record/1237661
10.5281/zenodo.6272701,dois,https://zenodo.org/record/6272701
10.13140/rg.2.2.28875.00808,dois,http://rgdoi.net/10.13140/RG.2.2.28875.00808
10.60516/au98764,dois,https://pid.geoscience.gov.au/sample/AU98764
10.15468/dl.wkb53g,dois,https://www.gbif.org/occurrence/download/0045381-181108115102211
10.6084/m9.figshare.12283853.v1,dois,https://figshare.com/articles/Through_Pain_More_Gain_A_Survey_into_the_Psychosocial_Benefits_of_Sadomasochism/12283853/1
10.60516/au4709686,dois,https://pid.geoscience.gov.au/sample/AU4709686
10.15122/isbn.978-2-8124-1920-1.p.0144,dois,https://classiques-garnier.com/doi/garnier?article=CgpMSP0219_144
10.13016/m2rjkx-bppc,dois,http://mdsoar.org/handle/11603/15003
10.60516/au7648740,dois,https://pid.geoscience.gov.au/sample/AU7648740
10.5517/cc9gqct,dois,http://www.ccdc.cam.ac.uk/services/structure_request?id=doi:10.5517/cc9gqct&sid=DataCite
10.60471/odp01sgex,dois,https://app.geosamples.org/sample/igsn/10.60471/ODP01SGEX
10.15468/dl.ztucer,dois,https://www.gbif.org/occurrence/download/0020022-180508205500799
10.17605/osf.io/hej3y,dois,https://osf.io/hej3y/
10.15156/bio/sh3582635.08fu,dois,https://doi.plutof.ut.ee/doi/10.15156/BIO/SH3582635.08FU
10.48550/arxiv.2107.13964,dois,https://arxiv.org/abs/2107.13964
10.4225/72/56eec1b3e9af8,dois,http://catalog.paradisec.org.au/collections/CR1/items/033
10.14279/depositonce-3884,dois,https://depositonce.tu-berlin.de/handle/11303/4181
10.17627/alkpszich.2018.1.7,dois,http://ap.elte.hu/wp-content/uploads/2018/10/APA_2018_1_Karpati_etal.pdf
10.5169/seals-322966,dois,https://www.e-periodica.ch/digbib/view?pid=ban-001:1968:43::162
10.3932/ethz-a-001088221,dois,https://ba.e-pics.ethz.ch/catalog/ETHBIB.Bildarchiv/r/1211458
10.25645/qkad-1zkd,dois,https://architekturmuseum.ub.tu-berlin.de/P/111970.php
10.5281/zenodo.2734102,dois,https://zenodo.org/record/2734102
10.15156/bio/sh2860844.08fu,dois,https://doi.plutof.ut.ee/doi/10.15156/BIO/SH2860844.08FU
10.18730/q3s0=,dois,https://glis.fao.org/glis/doi/10.18730/Q3S0=
10.6084/m9.figshare.16786552,dois,https://figshare.com/articles/dataset/data_files_-_The_effect_of_resource_availability_on_interspecific_competition_between_a_native_and_an_invasive_ant/16786552
10.17182/hepdata.130235.v1/t11,dois,https://www.hepdata.net/record/130573
10.60494/24ae-zh36,dois,https://pid.geoscience.gov.au/sample/AU8004809
10.15781/t2v698x4n,dois,https://repositories.lib.utexas.edu/handle/2152/68802
10.15468/dl.et8akz,dois,https://www.gbif.org/occurrence/download/0211189-210914110416597
10.13140/rg.2.2.16709.83688,dois,https://rgdoi.net/10.13140/RG.2.2.16709.83688
10.60471/odp01u8wo,dois,https://app.geosamples.org/sample/igsn/10.60471/ODP01U8WO
10.7916/d8wq0635,dois,https://dlc.library.columbia.edu/durst/cul:x0k6djhb2x
10.3932/ethz-a-000579162,dois,https://ba.e-pics.ethz.ch/catalog/ETHBIB.Bildarchiv/r/667614
10.18730/df5r7,dois,https://glis.fao.org/glis/doi/10.18730/DF5R7
10.60471/odp02zizn,dois,https://app.geosamples.org/sample/igsn/10.60471/ODP02ZIZN
10.15468/dl.56r68k,dois,https://www.gbif.org/occurrence/download/0288755-210914110416597
10.25645/1zcm-37mb,dois,https://architekturmuseum.ub.tu-berlin.de/P/118238.php
10.5281/zenodo.6264109,dois,https://zenodo.org/record/6264109
10.60471/odp02f1iy,dois,https://app.geosamples.org/sample/igsn/10.60471/ODP02F1IY
10.11588/soa.2012.2.4457,dois,https://hasp.ub.uni-heidelberg.de/journals/soa/article/view/4457
10.21258/1021648,dois,https://www.lfi.ch/resultate/sammlungenliste.php?prodNr=32&prodItNr=132934&lang=de
10.14288/1.0187829,dois,https://doi.library.ubc.ca/10.14288/1.0187829
10.15161/oar.it/1447934039.94,dois,https://www.openaccessrepository.it/record/17836?ln=en
10.6070/h4gb22mw,dois,https://qatest.labarchives.com/doi/NjU1NS45MDAwMDAwMDAwMDF8NTA0My81MDQzL05vdGVib29rLzE4OTMwOTA4MTJ8MTY2NDEuODk5OTk5OTk5OTk4/10.6070/H4GB22MW
10.15156/bio/sh1268827.08fu,dois,https://doi.plutof.ut.ee/doi/10.15156/BIO/SH1268827.08FU
10.5281/zenodo.7562365,dois,https://zenodo.org/record/7562365
10.17026/dans-x89-z96s,dois,https://archaeology.datastations.nl/citation?persistentId=doi:10.17026/dans-x89-z96s
10.7939/r3rj4900f,dois,https://era.library.ualberta.ca/files/2n49t4107
10.20372/nadre:1554185535.13,dois,https://nadre.ethernet.edu.et/record/3238?ln=en
10.4225/72/5accdf93dc0b2,dois,http://catalog.paradisec.org.au/collections/DGB1/items/2013_014/essences/1185409
10.15468/dl.4sdp7w,dois,https://www.gbif.org/occurrence/download/0334257-210914110416597
10.7925/drs1.duchas_5115368,dois,http://digital.ucd.ie/view/duchas:5115368
10.15156/bio/sh1208300.09fu,dois,https://doi.plutof.ut.ee/doi/10.15156/BIO/SH1208300.09FU
10.7916/d86m4jhz,dois,https://dlc.library.columbia.edu/lcaaj/cul:ttdz08kr32
10.15468/dl.na9f33,dois,https://www.gbif.org/occurrence/download/0307209-200613084148143
10.5517/ccdc.csd.cc1mw9rk,dois,http://www.ccdc.cam.ac.uk/services/structure_request?id=doi:10.5517/ccdc.csd.cc1mw9rk&sid=DataCite
10.57907/mirri/yxlqvn,dois,http://147.156.5.176:8080/citation?persistentId=doi:10.57907/MIRRI/YXLQVN
10.60516/au7655358,dois,https://pid.geoscience.gov.au/sample/AU7655358
10.5281/zenodo.3265600,dois,https://zenodo.org/record/3265600
10.15156/bio/sh589807.07fu,dois,https://doi.plutof.ut.ee/doi/10.15156/BIO/SH589807.07FU
10.60516/au5989858,dois,https://pid.geoscience.gov.au/sample/AU5989858
10.21258/1562326,dois,https://www.lfi.ch/resultate/resultate-fr.php?prodNr=70&prodItNr=840558&lang=fr
10.25549/pcra-c14-219210,dois,https://digitallibrary.usc.edu/asset-management/2A3BF1O3ITR67
10.6084/m9.figshare.16822969.v1,dois,https://figshare.com/articles/dataset/ACN_simulation_trajectory_file/16822969/1
10.15468/dl.6v7v32,dois,https://www.gbif.org/occurrence/download/0150776-220831081235567
10.15156/bio/sh057519.07fu,dois,https://doi.plutof.ut.ee/doi/10.15156/BIO/SH057519.07FU
10.18730/6266g,dois,https://glis.fao.org/glis/doi/10.18730/6266G
10.60471/odp02m0ro,dois,https://app.geosamples.org/sample/igsn/10.60471/ODP02M0RO
10.25335/m5g10r,dois,https://d.lib.msu.edu/etd/1969
10.60471/odp01q772,dois,https://app.geosamples.org/sample/igsn/10.60471/ODP01Q772
10.60494/159q-ny03,dois,https://pid.geoscience.gov.au/sample/AU9563288
10.15122/isbn.978-2-406-07373-4.p.0353,dois,https://classiques-garnier.com/doi/garnier?article=MbgMS01_353
10.15156/bio/sh1290609.08fu,dois,https://doi.plutof.ut.ee/doi/10.15156/BIO/SH1290609.08FU
10.16902/ethz-a-000058649,dois,https://biosys.e-pics.ethz.ch/catalog/ETH.BIOSYS/r/62534
10.7916/d83n2zg4,dois,https://dlc.library.columbia.edu/lcaaj/cul:msbcc2frwn
10.5517/ccsbtgc,dois,http://www.ccdc.cam.ac.uk/services/structure_request?id=doi:10.5517/ccsbtgc&sid=DataCite
10.11588/diglit.18878.20,dois,https://digi.ub.uni-heidelberg.de/diglit/art1881_2/0061
10.15156/bio/sh2874835.08fu,dois,https://doi.plutof.ut.ee/doi/10.15156/BIO/SH2874835.08FU
10.60494/5yvg-7595,dois,https://pid.geoscience.gov.au/sample/AU8523302
10.60494/0np6-vp91,dois,https://pid.geoscience.gov.au/sample/AU8947552
10.15124/crd42015027543,dois,http://www.crd.york.ac.uk/PROSPERO/display_record.asp?ID=CRD42015027543
10.26278/5ba515f0d00ba,dois,http://catalog.paradisec.org.au/collections/OE8/items/kem20171204_LeosibeWordlist/essences/1199508
10.14469/ch/90617,dois,https://spectradspace.lib.imperial.ac.uk:8443/dspace/handle/10042/97675
10.15468/dl.fg3cvz,dois,https://www.gbif.org/occurrence/download/0134391-230530130749713
10.5281/zenodo.5452372,dois,https://zenodo.org/record/5452372
10.17876/plate/dr.3/plates/103_16907,dois,https://www.plate-archive.org/objects/dr.3/plates/103_16907
10.60471/odp018cvp,dois,https://app.geosamples.org/sample/igsn/10.60471/ODP018CVP
10.14456/apsr.2022.3,dois,http://doi.nrct.go.th/?page=resolve_doi&resolve_doi=10.14456/apsr.2022.3
10.48550/arxiv.2309.02836,dois,https://arxiv.org/abs/2309.02836
10.17171/1-9-1799-5,dois,http://repository.edition-topoi.org/collection/MRMD/single/0047/13
10.25646/886,dois,https://edoc.rki.de/handle/176904/961
10.7916/d8-y453-vk57,dois,https://dlc.library.columbia.edu/catalog/ldpd:315353
10.25384/sage.7795220.v1,dois,https://sage.figshare.com/articles/Supplemental_Material_827013_Web_Appendix_-_Understanding_the_Calorie_Labeling_Paradox_in_Chain_Restaurants_Why_Menu_Calorie_Labeling_Alone_May_Not_Affect_Average_Calories_Ordered/7795220/1
10.22004/ag.econ.158973,dois,https://ageconsearch.umn.edu/record/158973
10.15156/bio/sh1353615.08fu,dois,https://doi.plutof.ut.ee/doi/10.15156/BIO/SH1353615.08FU
10.12683/eth-25068,dois,https://sr.ethz.ch/digbib/view?pid=srp-001:1909:0::14
10.15468/2d4vjo,dois,http://www.gbif.org/dataset/524c89dd-2f87-486f-aa92-01b00d110b58
10.60516/au454276,dois,https://pid.geoscience.gov.au/sample/AU454276
10.15468/dl.bpzdvr,dois,https://www.gbif.org/occurrence/download/0018146-200221144449610
10.60471/odp012njq,dois,https://app.geosamples.org/sample/igsn/10.60471/ODP012NJQ
10.3932/ethz-a-001287389,dois,https://ba.e-pics.ethz.ch/catalog/ETHBIB.Bildarchiv/r/1418716
10.5169/seals-964812,dois,https://www.e-periodica.ch/digbib/view?pid=zoo-002:1960:20::408
10.15468/dl.gmwrnb,dois,https://www.gbif.org/occurrence/download/0005848-191105090559680
10.18419/darus-3307/17,dois,https://darus.uni-stuttgart.de/file.xhtml?persistentId=doi:10.18419/darus-3307/17
10.13140/rg.2.1.3457.8802,dois,http://rgdoi.net/10.13140/RG.2.1.3457.8802
10.13140/rg.2.2.28418.22720,dois,http://rgdoi.net/10.13140/RG.2.2.28418.22720
10.35078/biygoa/32vtmz,dois,https://dadosdepesquisa.fiocruz.br/file.xhtml?persistentId=doi:10.35078/BIYGOA/32VTMZ
10.58052/ier180117,dois,https://app.geosamples.org/sample/igsn/10.58052/IER180117
10.25549/examiner-m6876,dois,https://digitallibrary.usc.edu/asset-management/2A3BF1O08BW25
10.48550/arxiv.0804.2041,dois,https://arxiv.org/abs/0804.2041
10.34847/nkl.eaf5te73,dois,https://nakala.fr/10.34847/nkl.eaf5te73
10.60516/au7503595,dois,https://pid.geoscience.gov.au/sample/AU7503595
10.58052/iegzn0117,dois,https://app.geosamples.org/sample/igsn/10.58052/IEGZN0117
10.5281/zenodo.4734013,dois,https://zenodo.org/record/4734013
10.15156/bio/sh1267958.08fu,dois,https://doi.plutof.ut.ee/doi/10.15156/BIO/SH1267958.08FU
10.60471/odp029aya,dois,https://app.geosamples.org/sample/igsn/10.60471/ODP029AYA
10.5281/zenodo.5500343,dois,https://zenodo.org/record/5500343
10.60471/odp0123ir,dois,https://app.geosamples.org/sample/igsn/10.60471/ODP0123IR
10.17171/1-13-16687,dois,http://repository.edition-topoi.org/collection/ANCM/object/9341
10.17605/osf.io/th4z8,dois,https://osf.io/th4z8/
10.21233/4t2n-6m89,dois,https://data.neotomadb.org/27518
10.34847/nkl.07fdhjxc,dois,https://nakala.fr/10.34847/nkl.07fdhjxc
10.60471/odp01hzkq,dois,https://app.geosamples.org/sample/igsn/10.60471/ODP01HZKQ
10.60516/au4537408,dois,https://pid.geoscience.gov.au/sample/AU4537408
10.6084/m9.figshare.16419171.v1,dois,https://figshare.com/articles/dataset/Data_set_xlsx/16419171/1
10.5281/zenodo.7396724,dois,https://zenodo.org/record/7396724
10.60471/odp032o0m,dois,https://app.geosamples.org/sample/igsn/10.60471/ODP032O0M
10.18730/12ecvt,dois,https://glis.fao.org/glis/doi/10.18730/12ECVT
10.60516/au1488156,dois,https://pid.geoscience.gov.au/sample/AU1488156
10.60471/odp01y7o5,dois,https://app.geosamples.org/sample/igsn/10.60471/ODP01Y7O5
10.13145/bacdive4260.20170425.1,dois,http://bacdive.dsmz.de/index.php?site=pdf_view&id=4260&doi=doi:10.13145/bacdive4260.20170425.1
10.5281/zenodo.5766453,dois,https://zenodo.org/record/5766453
10.25549/wpacards-c8-160285,dois,https://digitallibrary.usc.edu/asset-management/2A3BF1O03JU1J
10.16903/ethz-grs-2012.0045.13,dois,https://www.e-gs.ethz.ch/eMP/eMuseumPlus?service=ExternalInterface&module=collection&objectId=2527&viewType=detailView
10.6084/m9.figshare.15172573,dois,https://tandf.figshare.com/articles/journal_contribution/No_increased_mortality_after_total_hip_arthroplasty_in_patients_with_a_history_of_pediatric_hip_disease_a_matched_population-based_cohort_study_on_4_043_patients/15172573
10.6092/issn.2038-3460/17398,dois,https://tecnoscienza.unibo.it/article/view/17398
10.25549/wpacards-c8-161177,dois,https://digitallibrary.usc.edu/asset-management/2A3BF1NDEVUI
10.60516/au2286817,dois,https://pid.geoscience.gov.au/sample/AU2286817
10.48781/ntnu.215218,dois,https://ntnu.tind.io/record/215218
10.60471/odp0211pp,dois,https://app.geosamples.org/sample/igsn/10.60471/ODP0211PP
10.1184/r1/6475457,dois,https://figshare.com/articles/Alternating_Directions_Dual_Decomposition/6475457
10.5281/zenodo.2986043,dois,https://zenodo.org/record/2986043
10.21258/1032837,dois,https://www.lfi.ch/resultate/sammlungenliste.php?prodNr=32&prodItNr=174147&lang=de
10.25415/ujhb.19455248.v1,dois,https://repository.uj.ac.za/articles/online_resource/Taxation_300_BCTA/19455248/1
10.25582/data.2021-10.2365269/1929897,dois,https://www.osti.gov/servlets/purl/1929897/
10.25549/dancestry-c105-398,dois,https://digitallibrary.usc.edu/asset-management/2A3BF1VI5EY
10.60516/au1516563,dois,https://pid.geoscience.gov.au/sample/AU1516563
10.48550/arxiv.1909.05650,dois,https://arxiv.org/abs/1909.05650
10.15156/bio/sh0974305.09fu,dois,https://doi.plutof.ut.ee/doi/10.15156/BIO/SH0974305.09FU
10.11588/diglit.4334.36,dois,https://digi.ub.uni-heidelberg.de/diglit/zchk1917/0145
10.6084/m9.figshare.6322820.v1,dois,https://figshare.com/articles/Landsat_8/6322820/1
10.15468/dl.zjve83,dois,https://www.gbif.org/occurrence/download/0020892-200613084148143
10.17876/plate/dr.3/plates/106_61315,dois,https://www.plate-archive.org/objects/dr.3/plates/106_61315
10.48550/arxiv.1501.02385,dois,https://arxiv.org/abs/1501.02385
10.14288/1.0090786,dois,https://doi.library.ubc.ca/10.14288/1.0090786
10.60471/odp029im8,dois,https://app.geosamples.org/sample/igsn/10.60471/ODP029IM8
10.5281/zenodo.7330944,dois,https://zenodo.org/record/7330944
10.6084/m9.figshare.c.4949373.v1,dois,https://springernature.figshare.com/collections/Effectiveness_and_cost-effectiveness_of_stratified_blended_physiotherapy_in_patients_with_non-specific_low_back_pain_study_protocol_of_a_cluster_randomized_controlled_trial/4949373/1
10.48781/ntnu.141395,dois,https://ntnu.tind.io/record/141395
10.25394/pgs.12214796.v1,dois,https://hammer.purdue.edu/articles/thesis/Catalytic_Reductive_Carbene_and_Vinylidene_Transfer_Reactions/12214796/1
10.5287/bodleianjpcy.2,dois,https://databank.ora.ox.ac.uk/ww1archives/datasets/ww1-3945?version=2
10.60516/au5711353,dois,https://pid.geoscience.gov.au/sample/AU5711353
10.13140/rg.2.1.5041.9927,dois,http://rgdoi.net/10.13140/RG.2.1.5041.9927
10.6084/m9.figshare.c.5098016,dois,https://springernature.figshare.com/collections/CORE-OM_as_a_routine_outcome_measure_for_adolescents_with_emotional_disorders_factor_structure_and_psychometric_properties/5098016
10.5169/seals-821556,dois,https://www.e-periodica.ch/digbib/view?pid=hoz-001:2017:29::405
10.15468/dl.6uaatv,dois,https://www.gbif.org/occurrence/download/0311280-200613084148143
10.34943/5eea1579-9860-4df4-b285-a6d13bc7d324,dois,https://data.oceannetworks.ca/DatasetLandingPage?doidataset=10.34943/5eea1579-9860-4df4-b285-a6d13bc7d324
10.60516/au6358772,dois,https://pid.geoscience.gov.au/sample/AU6358772
10.15156/bio/sh3570359.08fu,dois,https://doi.plutof.ut.ee/doi/10.15156/BIO/SH3570359.08FU
10.7910/dvn/qpcbz8/fz7ojc,dois,https://dataverse.harvard.edu/file.xhtml?persistentId=doi:10.7910/DVN/QPCBZ8/FZ7OJC
10.5281/zenodo.6870166,dois,https://zenodo.org/record/6870166
10.25645/k51k-nvmb,dois,https://architekturmuseum.ub.tu-berlin.de/P/100114.php
10.48781/ntnu.105346,dois,https://ntnu.tind.io/record/105346
10.60516/au2201831,dois,https://pid.geoscience.gov.au/sample/AU2201831
10.6085/aa/sh15xx_015ctdx015r00_20150622.42.1,dois,https://data.piscoweb.org/catalog/d1/mn/v1/object/doi:10.6085/AA/SH15XX_015CTDX015R00_20150622.42.1
10.18730/kaa2a,dois,https://glis.fao.org/glis/doi/10.18730/KAA2A
10.5281/zenodo.169662,dois,https://zenodo.org/record/169662
10.5445/ir/220091810,dois,https://publikationen.bibliothek.kit.edu/220091810
10.7916/d8bs01vp,dois,https://dlc.library.columbia.edu/lcaaj/cul:rr4xgxd3j2
10.3932/ethz-a-001397921,dois,https://ba.e-pics.ethz.ch/catalog/ETHBIB.Bildarchiv/r/1740280
10.17170/kobra-202007241490,dois,https://kobra.uni-kassel.de/handle/123456789/11715
10.6084/m9.figshare.1417839.v1,dois,https://figshare.com/articles/Refleksje_na_temat_pracy_Analiza_ekonomicznej_kondycji_na_przyk_adzie_przedsi_biorstwa_produkcyjnego_bran_y_mleczarskiej_autorstwa_I_Krzeczkowskiej/1417839/1
10.7891/e-manuscripta-94333,dois,https://www.e-manuscripta.ch/zut/doi/10.7891/e-manuscripta-94333
10.7910/dvn/28275/f2ihk1,dois,https://dataverse.harvard.edu/file.xhtml?persistentId=doi:10.7910/DVN/28275/F2IHK1
10.15156/bio/sh3229128.08fu,dois,https://doi.plutof.ut.ee/doi/10.15156/BIO/SH3229128.08FU
10.3204/pubdb-2023-02998,dois,https://bib-pubdb1.desy.de/record/583727
10.6085/aa/shb001_021mxti012r00_19991203.40.1,dois,https://data.piscoweb.org/catalog/d1/mn/v1/object/doi:10.6085/AA/SHB001_021MXTI012R00_19991203.40.1
10.57967/hf/0034,dois,https://huggingface.co/datasets/rdp-studio/paimon-voice
10.15156/bio/sh1104004.09fu,dois,https://doi.plutof.ut.ee/doi/10.15156/BIO/SH1104004.09FU
10.17026/dans-zyq-h9mw,dois,https://archaeology.datastations.nl/citation?persistentId=doi:10.17026/dans-zyq-h9mw
10.25645/by3m-ywfj,dois,https://architekturmuseum.ub.tu-berlin.de/P/141661.php
10.25940/roper-31083076,dois,https://doi.roper.center?doi=10.25940/ROPER-31083076
10.5517/ccr4668,dois,http://www.ccdc.cam.ac.uk/services/structure_request?id=doi:10.5517/ccr4668&sid=DataCite
10.25645/dbsr-fn3r,dois,https://architekturmuseum.ub.tu-berlin.de/P/208579.php
10.7916/d84x5rsw,dois,https://dlc.library.columbia.edu/lcaaj/cul:6t1g1jwtc0
10.7890/ethz-a-000500353,dois,https://ad.e-pics.ethz.ch/catalog/ETHBIB.AD-v1.0/r/7509
10.60712/si-id74289.1,dois,https://straininfo.dsmz.de/search?sea=74289&qapi=/v1/search/culture/str_id/
10.60516/au7016001,dois,https://pid.geoscience.gov.au/sample/AU7016001
10.5445/ksp/1000037419,dois,https://publikationen.bibliothek.kit.edu/1000037419
10.6085/aa/srsxxx_015mtbd009r00_20030606.40.2,dois,https://data.piscoweb.org/catalog/d1/mn/v1/object/doi:10.6085/AA/SRSXXX_015MTBD009R00_20030606.40.2
10.25316/ir-3643,dois,https://viurrspace.ca/handle/10613/9170
10.15468/1ho7yv,dois,https://www.gbif.org/dataset/9cf070ef-f505-47ac-8919-b03476c69c79
10.13140/rg.2.2.13627.28962,dois,https://rgdoi.net/10.13140/RG.2.2.13627.28962
10.25517/resume-v7vs9ee-2019,dois,https://resume.uni.lu/story/the-constitutional-challenges-of-the-agencification-process-in-the-c/
10.60471/odp02skdc,dois,https://app.geosamples.org/sample/igsn/10.60471/ODP02SKDC
10.7916/d8-beva-k933,dois,https://dlc.library.columbia.edu/catalog/cul:dncjsxkvmk
10.58052/neon02f7k,dois,https://app.geosamples.org/sample/igsn/10.58052/NEON02F7K
10.5281/zenodo.7559762,dois,https://zenodo.org/record/7559762
10.35078/a2q29f/9fqqr6,dois,https://dadosdepesquisa.fiocruz.br/file.xhtml?persistentId=doi:10.35078/A2Q29F/9FQQR6
10.15468/dl.wg92qw,dois,https://www.gbif.org/occurrence/download/0175436-200613084148143
10.7270/q2xg9rp9,dois,https://www.bindingdb.org/entry/50035335
10.13140/rg.2.2.20829.74725,dois,http://rgdoi.net/10.13140/RG.2.2.20829.74725
10.60516/au1175633,dois,https://pid.geoscience.gov.au/sample/AU1175633
10.5281/zenodo.7700372,dois,https://zenodo.org/record/7700372
10.57907/mirri/j9zpnt,dois,http://147.156.5.176:8080/citation?persistentId=doi:10.57907/MIRRI/J9ZPNT
10.60471/odp02cb70,dois,https://app.geosamples.org/sample/igsn/10.60471/ODP02CB70
10.6084/m9.figshare.7551053,dois,https://figshare.com/articles/TrachomaImages/7551053
10.18730/336nr,dois,https://glis.fao.org/glis/doi/10.18730/336NR
10.60516/au5927949,dois,https://pid.geoscience.gov.au/sample/AU5927949
10.60494/sc8d-vx44,dois,https://pid.geoscience.gov.au/sample/AU8444049
10.7910/dvn/tehrtn/c13ugm,dois,https://dataverse.harvard.edu/file.xhtml?persistentId=doi:10.7910/DVN/TEHRTN/C13UGM
10.25384/sage.16832044,dois,https://sage.figshare.com/articles/journal_contribution/sj-pdf-1-pic-10_1177_09544062211026356_-_Supplemental_material_for_Design_of_a_multi-resiliency_exoskeleton_and_its_physiologic_cost_evaluation_in_uphill_walking_and_stair_climbing_locomotion/16832044
10.17615/g31w-9517,dois,https://cdr.lib.unc.edu/concern/articles/c821gt97r
10.25549/wpacards-m28626,dois,https://digitallibrary.usc.edu/asset-management/2A3BF1WRVAI8
10.5281/zenodo.5048275,dois,https://zenodo.org/record/5048275
10.26278/q7ve-fz95,dois,http://catalog.paradisec.org.au/collections/VTS12/items/umn20190312_01VS_LH_grammar
10.15156/bio/sh230245.07fu,dois,https://doi.plutof.ut.ee/doi/10.15156/BIO/SH230245.07FU
10.7916/d8dr3q3h,dois,https://dlc.library.columbia.edu/lcaaj/cul:q2bvq83ch2
10.7907/exv3-gg18,dois,https://resolver.caltech.edu/CaltechETD:etd-06012005-135600
10.5445/ir/1000129791,dois,https://publikationen.bibliothek.kit.edu/1000129791
10.18730/wq42h,dois,https://glis.fao.org/glis/doi/10.18730/WQ42H
10.6084/m9.figshare.15172413.v1,dois,https://tandf.figshare.com/articles/online_resource/_i_Shigella_sonnei_i_an_emerging_multidrug-resistant_sexually_transmitted_pathogen_in_Franche-Comt_France/15172413/1
10.60516/au5564299,dois,https://pid.geoscience.gov.au/sample/AU5564299
10.5169/seals-86401,dois,https://www.e-periodica.ch/digbib/view?pid=wbw-002:1933:20::1540
10.57907/mirri/ao7znu/l2mrpj,dois,http://147.156.5.176:8080/file.xhtml?persistentId=doi:10.57907/MIRRI/AO7ZNU/L2MRPJ
10.5517/ccdc.csd.cc29cszg,dois,http://www.ccdc.cam.ac.uk/services/structure_request?id=doi:10.5517/ccdc.csd.cc29cszg&sid=DataCite
10.25316/ir-13646,dois,https://viurrspace.ca/handle/10613/21545
10.48550/arxiv.1204.2081,dois,https://arxiv.org/abs/1204.2081
10.3932/ethz-a-000180021,dois,https://ba.e-pics.ethz.ch/catalog/ETHBIB.Bildarchiv/r/188234
10.15156/bio/sh1738038.08fu,dois,https://doi.plutof.ut.ee/doi/10.15156/BIO/SH1738038.08FU
10.1594/pangaea.823423,dois,https://doi.pangaea.de/10.1594/PANGAEA.823423
10.60516/au5660712,dois,https://pid.geoscience.gov.au/sample/AU5660712
10.48550/arxiv.cond-mat/0608251,dois,https://arxiv.org/abs/cond-mat/0608251
10.48550/arxiv.1912.01685,dois,https://arxiv.org/abs/1912.01685
10.5517/ccdc.csd.cc2dgr4s,dois,http://www.ccdc.cam.ac.uk/services/structure_request?id=doi:10.5517/ccdc.csd.cc2dgr4s&sid=DataCite
10.1594/ranzcr2013/r-0098,dois,https://epos.myesr.org/ranzcr/poster/10.1594/ranzcr2013/R-0098
10.21256/zhaw-1700,dois,https://digitalcollection.zhaw.ch/handle/11475/3157
10.34628/w74t-gn74,dois,http://hdl.handle.net/11067/89
10.5281/zenodo.5327798,dois,https://zenodo.org/record/5327798
10.6084/m9.figshare.825896,dois,https://tandf.figshare.com/articles/journal_contribution/Sequence_and_conformation_effects_on_ionization_potential_and_charge_distribution_of_homo_nucleobase_stacks_using_M06_2X_hybrid_density_functional_theory_calculations/825896
10.5169/seals-186031,dois,https://www.e-periodica.ch/digbib/view?pid=szu-001:1956:18::22
10.34847/nkl.734fk518,dois,https://nakala.fr/10.34847/nkl.734fk518
10.60516/au5937070,dois,https://pid.geoscience.gov.au/sample/AU5937070
10.6084/m9.figshare.c.3618695,dois,https://figshare.com/collections/Transcriptome_analyses_of_seed_development_in_grape_hybrids_reveals_a_possible_mechanism_influencing_seed_size/3618695
10.3932/ethz-a-000054436,dois,https://ba.e-pics.ethz.ch/catalog/ETHBIB.Bildarchiv/r/43136
10.15468/dl.cqq2yj,dois,https://www.gbif.org/occurrence/download/0001789-230224095556074
10.15156/bio/sh2879690.08fu,dois,https://doi.plutof.ut.ee/doi/10.15156/BIO/SH2879690.08FU
10.15468/dl.ms7fpp,dois,https://www.gbif.org/occurrence/download/0059762-210914110416597
10.3932/ethz-a-001320747,dois,https://ba.e-pics.ethz.ch/catalog/ETHBIB.Bildarchiv/r/1477317
10.7916/d8-47rs-s759,dois,https://dlc.library.columbia.edu/resolve/10.7916/d8-47rs-s759
10.15156/bio/sh2080127.08fu,dois,https://doi.plutof.ut.ee/doi/10.15156/BIO/SH2080127.08FU
10.60516/au6607568,dois,https://pid.geoscience.gov.au/sample/AU6607568
10.5281/zenodo.5987915,dois,https://zenodo.org/record/5987915
10.48550/arxiv.hep-ph/0507278,dois,https://arxiv.org/abs/hep-ph/0507278
10.25362/laade.wlmma_t_6503-6504,dois,https://cwm-archiv.gbv.de/receive/laadeT_mods_00006503
10.14288/1.0114046,dois,https://doi.library.ubc.ca/10.14288/1.0114046
